X,Y,COUNTY,CountyName,Permits 
-8845413.343,4279767.713,Alamance,Alamance,7
-8849832.726,4324617.573,Alamance,Alexander,7
-8849832.726,4324617.573,Alamance,Alleghany,9
-8828002.974,4282748.285,Alamance,Anson,21
-8830541.059,4306704.93,Alamance,Ashe,0
-8827635.62,4287447.434,Alamance,Avery,0
-8827635.62,4287447.434,Alamance,Beaufort,14
-9020829.928,4284873.093,Alexander,Bertie,6
-9042695.637,4286247.721,Alexander,Bladen,149
-9040149.203,4291424.61,Alexander,Brunswick,15
-9022966.372,4279710.719,Alexander,Buncombe,4
-9040399.672,4292960.942,Alexander,Burke,0
-9032606.306,4283268.389,Alexander,Cabarrus,2
-9031940.281,4280001.184,Alexander,Caldwell,1
-9036482.117,4377342.862,Alleghany,Camden,0
-9022233.222,4378340.694,Alleghany,Carteret,1
-9036426.457,4369875.932,Alleghany,Caswell,1
-9035457.977,4374058.988,Alleghany,Catawba,5
-9042014.695,4370831.52,Alleghany,Chatham,14
-9037840.214,4374945.674,Alleghany,Cherokee,1
-9036359.665,4373103.113,Alleghany,Chowan,9
-9017624.595,4376220.412,Alleghany,Clay,0
-9013661.621,4370139.057,Alleghany,Cleveland,4
-8912523.522,4170727.111,Anson,Columbus,50
-8936341.774,4188660.601,Anson,Craven,31
-8934114.828,4179786.65,Anson,Cumberland,24
-8916889.361,4142906.068,Anson,Currituck,0
-8910879.667,4151439.62,Anson,Dare,0
-8908313.753,4145382.187,Anson,Davidson,10
-8920617.562,4182161.417,Anson,Davie,2
-8920617.562,4182161.417,Anson,Duplin,518
-8920617.562,4182161.417,Anson,Durham,1
-8938399.96,4139752.467,Anson,Edgecombe,37
-8934004.733,4138800.987,Anson,Forsyth,0
-8932988.386,4138850.071,Anson,Franklin,9
-8932988.386,4138850.071,Anson,Gaston,7
-8932988.386,4138850.071,Anson,Gates,10
-8912949.876,4143935.49,Anson,Graham,0
-8938117.988,4166815.798,Anson,Granville,3
-8910636.323,4143485.945,Anson,Greene,103
-8924241.68,4143525.555,Anson,Guilford,13
-8910636.323,4143485.945,Anson,Halifax,11
-8912596.77,4169189.422,Anson,Harnett,16
-8918500.154,4185130.999,Anson,Haywood,11
-8586328.36,4231026.657,Beaufort,Henderson,2
-8582732.74,4230479.774,Beaufort,Hertford,7
-8558498.487,4241272.074,Beaufort,Hoke,14
-8564832.566,4206648.43,Beaufort,Hyde,3
-8585896.44,4224266.361,Beaufort,Iredell,64
-8585896.44,4224266.361,Beaufort,Jackson,0
-8584145.83,4216260.663,Beaufort,Johnston,67
-8536924.77,4244132.65,Beaufort,Jones,53
-8531436.719,4251212.023,Beaufort,Lee,1
-8539718.889,4248363.292,Beaufort,Lenoir,71
-8539718.889,4248363.292,Beaufort,Lincoln,16
-8532839.344,4254842.49,Beaufort,Macon,0
-8528553.544,4242982.855,Beaufort,Madison,0
-8575307.73,4221787.99,Beaufort,Martin,3
-8578279.961,4320357.188,Bertie,McDowell,0
-8575819.021,4320551.558,Bertie,Mecklenburg,0
-8599269.696,4325887.466,Bertie,Mitchell,0
-8591081.702,4333930.088,Bertie,Montgomery,3
-8587218.916,4299286.749,Bertie,Moore,10
-8574572.131,4311445.176,Bertie,Nash,31
-8751537.282,4098913.974,Bladen,New Hanover,0
-8756304.539,4105251.97,Bladen,Northampton,23
-8765918.758,4102591.434,Bladen,Onslow,57
-8732160.9,4129950.836,Bladen,Orange,3
-8738244.733,4134115.147,Bladen,Pamlico,2
-8763072.764,4102582.784,Bladen,Pasquotank,3
-8762497.243,4103123.815,Bladen,Pender,68
-8754104.977,4107074.55,Bladen,Perquimans,9
-8762800.366,4093246.089,Bladen,Person,13
-8762800.366,4093246.089,Bladen,Pitt,50
-8747751.418,4095967.901,Bladen,Polk,1
-8747751.418,4095967.901,Bladen,Randolph,31
-8747751.418,4095967.901,Bladen,Richmond,13
-8747751.418,4095967.901,Bladen,Robeson,54
-8737500.228,4100377.841,Bladen,Rockingham,5
-8753304.145,4099421.861,Bladen,Rowan,14
-8744299.066,4120821.09,Bladen,Rutherford,0
-8744069.859,4116491.213,Bladen,Sampson,463
-8743181.53,4095995.591,Bladen,Scotland,18
-8743181.53,4095995.591,Bladen,Stanly,5
-8743181.53,4095995.591,Bladen,Stokes,2
-8739461.232,4141667.604,Bladen,Surry,6
-8739461.232,4141667.604,Bladen,Swain,0
-8739461.232,4141667.604,Bladen,Transylvania,0
-8765003.49,4130903.865,Bladen,Tyrrell,1
-8765003.49,4130903.865,Bladen,Union,4
-8765003.49,4130903.865,Bladen,Vance,0
-8759694.774,4109520.172,Bladen,Wake,3
-8759127.713,4108952.193,Bladen,Warren,8
-8758771.824,4108342.594,Bladen,Washington,5
-8758009.843,4108201.693,Bladen,Watauga,0
-8757999.045,4107670.288,Bladen,Wayne,158
-8757102.589,4108243.071,Bladen,Wilkes,9
-8772639.45,4139020.646,Bladen,Wilson,7
-8771999.92,4138019.606,Bladen,Yadkin,10
-8771195.08,4116105.826,Bladen,Yancey,0
-8771195.08,4121627.4,Bladen,,
-8763422.864,4108587.755,Bladen,,
-8725417.054,4085488.352,Bladen,,
-8770253.428,4111655.22,Bladen,,
-8766585.451,4097502.173,Bladen,,
-8774629.509,4105860.32,Bladen,,
-8773904.707,4108289.587,Bladen,,
-8731167.04,4131518.08,Bladen,,
-8762782.109,4112798.245,Bladen,,
-8758998.471,4123673.759,Bladen,,
-8777967.312,4094813.08,Bladen,,
-8749627.485,4107481.666,Bladen,,
-8744216.467,4092353.367,Bladen,,
-8743951.749,4092941.17,Bladen,,
-8776080.113,4098707.259,Bladen,,
-8769926.594,4093605.439,Bladen,,
-8761898.344,4107053.863,Bladen,,
-8760026.952,4104943.752,Bladen,,
-8734423.469,4125873.532,Bladen,,
-8723702.734,4120352.98,Bladen,,
-8777164.81,4130184.14,Bladen,,
-8772187.938,4125451.528,Bladen,,
-8770458.145,4143243.682,Bladen,,
-8770107.488,4138568.723,Bladen,,
-8768733.36,4142383.864,Bladen,,
-8757980.232,4131283.257,Bladen,,
-8757980.232,4131283.257,Bladen,,
-8757980.232,4131283.257,Bladen,,
-8751653.834,4137325.046,Bladen,,
-8750844.875,4141697.035,Bladen,,
-8743557.233,4139336.99,Bladen,,
-8743557.233,4139336.99,Bladen,,
-8743557.233,4139336.99,Bladen,,
-8742030.932,4142010.47,Bladen,,
-8738788.974,4139446.688,Bladen,,
-8772430.392,4106913.789,Bladen,,
-8768952.549,4095626.44,Bladen,,
-8748932.963,4092029.704,Bladen,,
-8748757.634,4098422.053,Bladen,,
-8742766.531,4094483.268,Bladen,,
-8735788.357,4099446.992,Bladen,,
-8734510.298,4101563.91,Bladen,,
-8738023.43,4103946.021,Bladen,,
-8748499.151,4104970.382,Bladen,,
-8748375.809,4104206.631,Bladen,,
-8747297.568,4104244.614,Bladen,,
-8747341.428,4101613.102,Bladen,,
-8747137.045,4100446.08,Bladen,,
-8774542.679,4129329.256,Bladen,,
-8745566.773,4136793.749,Bladen,,
-8736775.984,4137606.77,Bladen,,
-8763211.914,4137060.411,Bladen,,
-8738476.723,4121408.894,Bladen,,
-8737868.139,4120858.047,Bladen,,
-8750073.097,4093778.028,Bladen,,
-8747586.665,4130978.388,Bladen,,
-8741335.185,4102492.367,Bladen,,
-8741266.501,4103273.302,Bladen,,
-8727728.158,4126514.965,Bladen,,
-8774931.073,4129724.852,Bladen,,
-8774203.155,4124351.493,Bladen,,
-8738653.832,4120636.849,Bladen,,
-8731662.412,4089599.489,Bladen,,
-8731662.412,4089599.489,Bladen,,
-8762897.102,4128555.851,Bladen,,
-8749909.235,4132086.12,Bladen,,
-8748897.786,4135555.963,Bladen,,
-8748591.657,4132238.569,Bladen,,
-8748463.64,4131882.045,Bladen,,
-8775179.65,4101429.986,Bladen,,
-8775179.65,4101429.986,Bladen,,
-8771788.746,4108520.278,Bladen,,
-8760997.324,4113516.99,Bladen,,
-8759623.085,4114681.04,Bladen,,
-8759066.265,4113386.711,Bladen,,
-8750858.79,4095381.021,Bladen,,
-8749718.433,4090203.619,Bladen,,
-8746621.302,4094421.008,Bladen,,
-8729511.162,4102494.529,Bladen,,
-8725531.825,4098724.147,Bladen,,
-8738323.659,4133495.775,Bladen,,
-8736520.283,4131403.31,Bladen,,
-8736395.605,4130787.476,Bladen,,
-8738476.723,4121408.894,Bladen,,
-8751367.186,4107355.514,Bladen,,
-8745552.301,4121297.206,Bladen,,
-8757901.64,4127540.712,Bladen,,
-8756573.821,4119750.206,Bladen,,
-8754889.78,4143036.826,Bladen,,
-8754766.772,4121726.636,Bladen,,
-8754410.883,4121059.89,Bladen,,
-8749727.116,4128847.514,Bladen,,
-8746193.279,4141789.396,Bladen,,
-8737350.838,4139423.636,Bladen,,
-8748245.899,4101845.818,Bladen,,
-8745418.384,4108673.488,Bladen,,
-8745312.074,4096774.185,Bladen,,
-8743710.854,4106764.389,Bladen,,
-8743420.867,4101686.754,Bladen,,
-8741738.941,4096785.802,Bladen,,
-8741717.678,4095737.467,Bladen,,
-8739848.736,4097272.924,Bladen,,
-8736198.347,4096180.644,Bladen,,
-8740641.887,4097469.616,Bladen,,
-8722076.579,4112530.672,Bladen,,
-8722076.579,4112530.672,Bladen,,
-8722076.579,4112530.672,Bladen,,
-8772410.021,4104668.525,Bladen,,
-8734849.489,4137508.884,Bladen,,
-8743394.261,4136431.116,Bladen,,
-8730256.669,4130275.323,Bladen,,
-8726884.913,4125679.457,Bladen,,
-8772504.865,4109478.925,Bladen,,
-8739325.868,4047051.257,Brunswick,,
-8739823.132,4047564.217,Brunswick,,
-8699824.369,4041842.674,Brunswick,,
-8699067.508,4042268.957,Brunswick,,
-8706664.729,4037492.968,Brunswick,,
-8706108.132,4037788.603,Brunswick,,
-8735706.76,4042906.732,Brunswick,,
-8695599.572,4045034.071,Brunswick,,
-8741084.716,4043689.48,Brunswick,,
-8685856.445,4043966.991,Brunswick,,
-8685856.445,4043966.991,Brunswick,,
-8738268.333,4024331.526,Brunswick,,
-8730766.178,4044916.682,Brunswick,,
-8730106.944,4045458.457,Brunswick,,
-8693969.298,4043946.419,Brunswick,,
-9194399.946,4225996.361,Buncombe,,
-9170288.145,4233665.75,Buncombe,,
-9176588.828,4228811.95,Buncombe,,
-9187520.402,4222457.396,Buncombe,,
-8955029.645,4211806.376,Cabarrus,,
-8961063.162,4232681.144,Cabarrus,,
-9056797.924,4275881.832,Caldwell,,
-8553944.295,4135153.519,Carteret,,
-8830296.156,4360338.572,Caswell,,
-9060293.356,4243434.546,Catawba,,
-9069566.269,4243434.546,Catawba,,
-9069566.269,4243434.546,Catawba,,
-9069566.269,4243434.546,Catawba,,
-9069566.269,4243434.546,Catawba,,
-8820711.548,4283009.295,Chatham,,
-8853450.61,4246446.294,Chatham,,
-8821513.048,4265507.963,Chatham,,
-8838767.569,4257130.988,Chatham,,
-8849743.671,4264451.919,Chatham,,
-8849743.671,4264451.919,Chatham,,
-8849743.671,4264451.919,Chatham,,
-8849743.671,4264451.919,Chatham,,
-8849743.671,4264451.919,Chatham,,
-8849743.671,4264451.919,Chatham,,
-8848196.33,4256486.871,Chatham,,
-8850691.445,4249652.798,Chatham,,
-8846927.288,4235689.94,Chatham,,
-8834192.338,4278325.793,Chatham,,
-9371776.423,4165960.547,Cherokee,,
-8525213.959,4336497.616,Chowan,,
-8530690.878,4317490.301,Chowan,,
-8530690.878,4317490.301,Chowan,,
-8535488.748,4330286.904,Chowan,,
-8528898.634,4332011.743,Chowan,,
-8523822.466,4345585.503,Chowan,,
-8527696.384,4339480.029,Chowan,,
-8527696.384,4339480.029,Chowan,,
-8527696.384,4339480.029,Chowan,,
-9061373.155,4203702.114,Cleveland,,
-9061373.155,4203702.114,Cleveland,,
-9061373.155,4203702.114,Cleveland,,
-9083826.296,4228852.959,Cleveland,,
-8758856.65,4036574.397,Columbus,,
-8764922.226,4088954.355,Columbus,,
-8755033.048,4088455.849,Columbus,,
-8774636.41,4049674.133,Columbus,,
-8786047.883,4064383.552,Columbus,,
-8758092.442,4032855.183,Columbus,,
-8758092.442,4032855.183,Columbus,,
-8758092.442,4032855.183,Columbus,,
-8755510.943,4049089.515,Columbus,,
-8772699.563,4045250.162,Columbus,,
-8751348.373,4076947.607,Columbus,,
-8749277.83,4080508.108,Columbus,,
-8725288.48,4061518.246,Columbus,,
-8771508.333,4054383.379,Columbus,,
-8770429.424,4053507.581,Columbus,,
-8770429.424,4053507.581,Columbus,,
-8779278.433,4085567.567,Columbus,,
-8784387.775,4090058.894,Columbus,,
-8782306.323,4090291.777,Columbus,,
-8781926.39,4085798.467,Columbus,,
-8781536.549,4090774.163,Columbus,,
-8780957.465,4080628.429,Columbus,,
-8777037.349,4084901.613,Columbus,,
-8796492.1,4065398.402,Columbus,,
-8792798.297,4065594,Columbus,,
-8754506.952,4087502.499,Columbus,,
-8776960.873,4062622.801,Columbus,,
-8770255.321,4078455.288,Columbus,,
-8778855.419,4081884.056,Columbus,,
-8776355.295,4090484.702,Columbus,,
-8769336.823,4076704.078,Columbus,,
-8766706.9,4045915.941,Columbus,,
-8781785.571,4074804.026,Columbus,,
-8779275.65,4061905.946,Columbus,,
-8768391.387,4086768.679,Columbus,,
-8762217.608,4087737.488,Columbus,,
-8715637.08,4080022.519,Columbus,,
-8764675.542,4077997.029,Columbus,,
-8731814.697,4073519.528,Columbus,,
-8725344.14,4063915.492,Columbus,,
-8791646.029,4074057.819,Columbus,,
-8790432.646,4068226.423,Columbus,,
-8767249.694,4090051.334,Columbus,,
-8766320.844,4043729.815,Columbus,,
-8763560.121,4029849.424,Columbus,,
-8741769.331,4051377.847,Columbus,,
-8787031.502,4083778.148,Columbus,,
-8776796.009,4077689.286,Columbus,,
-8760423.026,4084878.808,Columbus,,
-8760423.026,4084878.808,Columbus,,
-8601681.21,4206225.53,Craven,,
-8591636.296,4172867.502,Craven,,
-8610642.095,4207166.844,Craven,,
-8609845.715,4188955.069,Craven,,
-8605268.481,4214290.693,Craven,,
-8589601.153,4198507.056,Craven,,
-8595090.094,4188383.029,Craven,,
-8571983.953,4192987.427,Craven,,
-8611769.205,4207494.277,Craven,,
-8614469.927,4202979.295,Craven,,
-8618635.168,4206948.561,Craven,,
-8597601.239,4206621.145,Craven,,
-8597601.239,4206621.145,Craven,,
-8597601.239,4206621.145,Craven,,
-8583156.088,4213744.641,Craven,,
-8608459.12,4195167.692,Craven,,
-8611982.27,4202733.821,Craven,,
-8604187.234,4215123.474,Craven,,
-8603202.057,4196707.763,Craven,,
-8616896.358,4203088.397,Craven,,
-8615367.162,4209158.875,Craven,,
-8596991.542,4200565.697,Craven,,
-8595386.093,4198575.217,Craven,,
-8595259.3,4199052.354,Craven,,
-8602660.265,4212843.715,Craven,,
-8578001.662,4193314.439,Craven,,
-8587602.857,4212598.021,Craven,,
-8583857.958,4209554.595,Craven,,
-8608608.956,4200933.839,Craven,,
-8572068.333,4199883.985,Craven,,
-8621564.318,4194976.901,Craven,,
-8774874.189,4152270.677,Cumberland,,
-8745938.246,4146604.78,Cumberland,,
-8771457.014,4150273.774,Cumberland,,
-8754828.332,4179627.969,Cumberland,,
-8755867.944,4153239.598,Cumberland,,
-8755867.944,4153239.598,Cumberland,,
-8752169.688,4158374.914,Cumberland,,
-8743876.386,4147964.024,Cumberland,,
-8762394.94,4155779.8,Cumberland,,
-8753358.914,4154734.619,Cumberland,,
-8742327.821,4146946.306,Cumberland,,
-8750490.879,4149119.042,Cumberland,,
-8760609.264,4193871.609,Cumberland,,
-8744708.833,4145588.001,Cumberland,,
-8744188.637,4143779.897,Cumberland,,
-8759769.358,4186987.921,Cumberland,,
-8758296.268,4188965.284,Cumberland,,
-8755566.157,4181028.957,Cumberland,,
-8750924.134,4156410.46,Cumberland,,
-8744597.18,4148492.459,Cumberland,,
-8743459.272,4149848.54,Cumberland,,
-8743407.62,4149247.566,Cumberland,,
-8772387.089,4144961.209,Cumberland,,
-8762669.565,4160165.824,Cumberland,,
-8953426.645,4267414.588,Davidson,,
-8937752.86,4267414.588,Davidson,,
-8937752.86,4267414.588,Davidson,,
-8937752.86,4267414.588,Davidson,,
-8940435.66,4263875.937,Davidson,,
-8940435.66,4263875.937,Davidson,,
-8940435.66,4263875.937,Davidson,,
-8913262.572,4245419.468,Davidson,,
-8920464.943,4264259.921,Davidson,,
-8920464.943,4264259.921,Davidson,,
-8975846.39,4293166.096,Davie,,
-8979620.121,4286183.136,Davie,,
-8701844.595,4130405.933,Duplin,,
-8691080.001,4129051.127,Duplin,,
-8674014.723,4156178.508,Duplin,,
-8673516.679,4144583.252,Duplin,,
-8672594.286,4144550.422,Duplin,,
-8671075.888,4143515.381,Duplin,,
-8671053.624,4144478.522,Duplin,,
-8671020.228,4145102.573,Duplin,,
-8667061.707,4145018.189,Duplin,,
-8655172.786,4131285.29,Duplin,,
-8654033.987,4129307.173,Duplin,,
-8686504.77,4166789.699,Duplin,,
-8686504.77,4166789.699,Duplin,,
-8686504.77,4166789.699,Duplin,,
-8691792.445,4156857.538,Duplin,,
-8673204.651,4159535.088,Duplin,,
-8667984.546,4160480.187,Duplin,,
-8665476.518,4156898.281,Duplin,,
-8664452.267,4163881.008,Duplin,,
-8665198.219,4134362.905,Duplin,,
-8657595.098,4134593.32,Duplin,,
-8651539.317,4127506.849,Duplin,,
-8677231.856,4145129.707,Duplin,,
-8677207.366,4145197.541,Duplin,,
-8675806.966,4146567.874,Duplin,,
-8674159.549,4166021.44,Duplin,,
-8654440.749,4161128.232,Duplin,,
-8687005.707,4159655.581,Duplin,,
-8674938.674,4150218.396,Duplin,,
-8672980.231,4152752.208,Duplin,,
-8669094.401,4147327.736,Duplin,,
-8667958.942,4144383.561,Duplin,,
-8656462.088,4167159.711,Duplin,,
-8654066.27,4131801.555,Duplin,,
-8700108.011,4135677.689,Duplin,,
-8698939.157,4134471.335,Duplin,,
-8697358.42,4143366.169,Duplin,,
-8693377.858,4140398.901,Duplin,,
-8690717.656,4127623.34,Duplin,,
-8651388.814,4150521.619,Duplin,,
-8700698.005,4143284.782,Duplin,,
-8699774.053,4145848.767,Duplin,,
-8699774.053,4145848.767,Duplin,,
-8697547.663,4148603.334,Duplin,,
-8697547.663,4148603.334,Duplin,,
-8697547.663,4148603.334,Duplin,,
-8697547.663,4148603.334,Duplin,,
-8697547.663,4148603.334,Duplin,,
-8697547.663,4148603.334,Duplin,,
-8695098.634,4147924.806,Duplin,,
-8693871.893,4140976.343,Duplin,,
-8691580.938,4151806.542,Duplin,,
-8685981.568,4177098.094,Duplin,,
-8685269.123,4178730.908,Duplin,,
-8680849.739,4173819.585,Duplin,,
-8679547.301,4143813.81,Duplin,,
-8693306.39,4152335.975,Duplin,,
-8693306.39,4152335.975,Duplin,,
-8693306.39,4152335.975,Duplin,,
-8690645.855,4184965.026,Duplin,,
-8690645.855,4184965.026,Duplin,,
-8690645.855,4184965.026,Duplin,,
-8686938.916,4166898.445,Duplin,,
-8674482.265,4171616.318,Duplin,,
-8659543.189,4167047.972,Duplin,,
-8658864.14,4165838.219,Duplin,,
-8658864.14,4165838.219,Duplin,,
-8658864.14,4165838.219,Duplin,,
-8658396.598,4167659.695,Duplin,,
-8649381.167,4128812.834,Duplin,,
-8649212.74,4133793.665,Duplin,,
-8698226.712,4141928.414,Duplin,,
-8688363.805,4135271.038,Duplin,,
-8680415.593,4137412.897,Duplin,,
-8677265.252,4143284.782,Duplin,,
-8676430.356,4134620.428,Duplin,,
-8675806.966,4143176.267,Duplin,,
-8698382.559,4132031.917,Duplin,,
-8695354.669,4130405.933,Duplin,,
-8691736.786,4129132.411,Duplin,,
-8690801.702,4181112.526,Duplin,,
-8698534.622,4167937.836,Duplin,,
-8677249.444,4128358.208,Duplin,,
-8674170.57,4142538.759,Duplin,,
-8673858.875,4142009.792,Duplin,,
-8661524.676,4146269.371,Duplin,,
-8648756.33,4129322.075,Duplin,,
-8653406.145,4139858.915,Duplin,,
-8651383.47,4137562.03,Duplin,,
-8678679.009,4133983.409,Duplin,,
-8678679.009,4133983.409,Duplin,,
-8677354.307,4136626.598,Duplin,,
-8676396.96,4135609.913,Duplin,,
-8662815.982,4148033.368,Duplin,,
-8651194.227,4138728.04,Duplin,,
-8660255.634,4127506.849,Duplin,,
-8658062.64,4130554.972,Duplin,,
-8693896.384,4144234.338,Duplin,,
-8688553.048,4178730.908,Duplin,,
-8674621.97,4175637.745,Duplin,,
-8696434.468,4128455.065,Duplin,,
-8655090.409,4149661.919,Duplin,,
-8690712.646,4159995.197,Duplin,,
-8689466.202,4176324.088,Duplin,,
-8677632.606,4144193.641,Duplin,,
-8670118.54,4146757.835,Duplin,,
-8658915.57,4160655.577,Duplin,,
-8657661.889,4163989.861,Duplin,,
-8659732.432,4164139.35,Duplin,,
-8659660.52,4163552.417,Duplin,,
-8669962.693,4149960.513,Duplin,,
-8681996.33,4154263.865,Duplin,,
-8679213.343,4155771.109,Duplin,,
-8667193.176,4171706.208,Duplin,,
-8663439.371,4173017.11,Duplin,,
-8666005.285,4178087.278,Duplin,,
-8693651.481,4168896.838,Duplin,,
-8657962.452,4148644.047,Duplin,,
-8655457.764,4150747.753,Duplin,,
-8680126.274,4176780.267,Duplin,,
-8671387.583,4181139.747,Duplin,,
-8662259.384,4152526.034,Duplin,,
-8685547.422,4147056.351,Duplin,,
-8665087.011,4155556.416,Duplin,,
-8662604.475,4155730.37,Duplin,,
-8701777.804,4134105.388,Duplin,,
-8700709.025,4139762.23,Duplin,,
-8697759.17,4166368.319,Duplin,,
-8697235.968,4165539.199,Duplin,,
-8696122.774,4133685.242,Duplin,,
-8695165.426,4141711.411,Duplin,,
-8676210.054,4144931.091,Duplin,,
-8662702.102,4159201.327,Duplin,,
-8662136.933,4149919.795,Duplin,,
-8661031.53,4149323.975,Duplin,,
-8653943.818,4151765.818,Duplin,,
-8653910.423,4150978.506,Duplin,,
-8649613.49,4144085.116,Duplin,,
-8649375.934,4153428.586,Duplin,,
-8647854.642,4149091.899,Duplin,,
-8647854.642,4153924.423,Duplin,,
-8702189.686,4137155.31,Duplin,,
-8699746.668,4147816.652,Duplin,,
-8698600.968,4159315.975,Duplin,,
-8698260.108,4176839.587,Duplin,,
-8698137.656,4157427.956,Duplin,,
-8697102.385,4155200.776,Duplin,,
-8696096.279,4145395.889,Duplin,,
-8696096.279,4145395.889,Duplin,,
-8696096.279,4145395.889,Duplin,,
-8694060.357,4128859.571,Duplin,,
-8692939.036,4170229.3,Duplin,,
-8686309.738,4155148.09,Duplin,,
-8680538.045,4168380.212,Duplin,,
-8679288.929,4173840.531,Duplin,,
-8678837.417,4168723.358,Duplin,,
-8678837.417,4168723.358,Duplin,,
-8677896.099,4156248.853,Duplin,,
-8677699.398,4137372.225,Duplin,,
-8672868.132,4162182.574,Duplin,,
-8672344.93,4162440.74,Duplin,,
-8670714.656,4163265.552,Duplin,,
-8670396.839,4141480.849,Duplin,,
-8670274.388,4142389.561,Duplin,,
-8669439.492,4162332.038,Duplin,,
-8699896.504,4138199.253,Duplin,,
-8694887.127,4159356.727,Duplin,,
-8686227.918,4154286.811,Duplin,,
-8684467.623,4156518.018,Duplin,,
-8679422.512,4165487.143,Duplin,,
-8678712.405,4166259.579,Duplin,,
-8670240.992,4168407.402,Duplin,,
-8664062.76,4159017.131,Duplin,,
-8663164.635,4159867.908,Duplin,,
-8690801.702,4178417.933,Duplin,,
-8686627.221,4169658.225,Duplin,,
-8674170.57,4179819.584,Duplin,,
-8666640.029,4183702.674,Duplin,,
-8663684.274,4167469.378,Duplin,,
-8663394.064,4182177.887,Duplin,,
-8661457.884,4166640.175,Duplin,,
-8657906.792,4172799.499,Duplin,,
-8656874.193,4169579.909,Duplin,,
-8656874.193,4169579.909,Duplin,,
-8657644.858,4127264.118,Duplin,,
-8687027.971,4189772.32,Duplin,,
-8681840.483,4176159.335,Duplin,,
-8670240.992,4164451.922,Duplin,,
-8665732.553,4159207.304,Duplin,,
-8665142.559,4163011.444,Duplin,,
-8664864.261,4157468.701,Duplin,,
-8663469.093,4149910.43,Duplin,,
-8657376.689,4174713.665,Duplin,,
-8657164.291,4162995.137,Duplin,,
-8650147.824,4141738.536,Duplin,,
-8649034.629,4146038.715,Duplin,,
-8692816.585,4138687.363,Duplin,,
-8681651.24,4134064.728,Duplin,,
-8681094.197,4134325.768,Duplin,,
-8687061.367,4183984.758,Duplin,,
-8682741.614,4178622.454,Duplin,,
-8682486.136,4179261.624,Duplin,,
-8682296.893,4183753.318,Duplin,,
-8680660.496,4178758.123,Duplin,,
-8680103.899,4179098.324,Duplin,,
-8678122.412,4173887.594,Duplin,,
-8677265.252,4176989.248,Duplin,,
-8676920.161,4165199.414,Duplin,,
-8673647.368,4149173.329,Duplin,,
-8668816.102,4171589.12,Duplin,,
-8703203.361,4132094.115,Duplin,,
-8692449.23,4148033.368,Duplin,,
-8671476.638,4149363.334,Duplin,,
-8658953.196,4135569.247,Duplin,,
-8671754.937,4164710.141,Duplin,,
-8667302.157,4143935.897,Duplin,,
-8678122.412,4181221.412,Duplin,,
-8666812.352,4164180.119,Duplin,,
-8681562.184,4170596.435,Duplin,,
-8660570.668,4145471.594,Duplin,,
-8674845.945,4135879.935,Duplin,,
-8662772.567,4130760.919,Duplin,,
-8684212.701,4177685.879,Duplin,,
-8681562.184,4174526.899,Duplin,,
-8659142.439,4128902.109,Duplin,,
-8663929.177,4131652.499,Duplin,,
-8658580.164,4128558.561,Duplin,,
-8655557.951,4127696.486,Duplin,,
-8665142.559,4133116.037,Duplin,,
-8660188.842,4137670.49,Duplin,,
-8653966.75,4130488.311,Duplin,,
-8652888.51,4131580.682,Duplin,,
-8652359.742,4131399.11,Duplin,,
-8656760.202,4130107.862,Duplin,,
-8660812.231,4158405.883,Duplin,,
-8651227.623,4161951.588,Duplin,,
-8660504.989,4132153.875,Duplin,,
-8655305.256,4125614.721,Duplin,,
-8660166.578,4129877.539,Duplin,,
-8659699.036,4130189.153,Duplin,,
-8659175.835,4132777.238,Duplin,,
-8694174.682,4134213.816,Duplin,,
-8648480.258,4151411.521,Duplin,,
-8647943.698,4151317.858,Duplin,,
-8685766.053,4174633.408,Duplin,,
-8673213.222,4163622.945,Duplin,,
-8661368.829,4162101.049,Duplin,,
-8659457.25,4164030.767,Duplin,,
-8658519.05,4160973.35,Duplin,,
-8658307.543,4160402.75,Duplin,,
-8657847.348,4164732.293,Duplin,,
-8657717.549,4161394.525,Duplin,,
-8656826.993,4164220.889,Duplin,,
-8662448.628,4154073.776,Duplin,,
-8654723.055,4148033.368,Duplin,,
-8680693.892,4171249.149,Duplin,,
-8694330.53,4157346.466,Duplin,,
-8693028.092,4159356.727,Duplin,,
-8693028.092,4159356.727,Duplin,,
-8691703.39,4133725.901,Duplin,,
-8690901.889,4158704.711,Duplin,,
-8689844.354,4185005.872,Duplin,,
-8688174.562,4183453.815,Duplin,,
-8684378.567,4189472.654,Duplin,,
-8683231.976,4188410.269,Duplin,,
-8681128.038,4175928.058,Duplin,,
-8677977.697,4161802.13,Duplin,,
-8677755.058,4179669.885,Duplin,,
-8675896.022,4176308.986,Duplin,,
-8675439.612,4181071.694,Duplin,,
-8671649.183,4181418.771,Duplin,,
-8650325.935,4142796.471,Duplin,,
-8661246.377,4147816.245,Duplin,,
-8648140.733,4138105.565,Duplin,,
-8647142.198,4138429.747,Duplin,,
-8674415.473,4138809.394,Duplin,,
-8678845.989,4141901.289,Duplin,,
-8672189.083,4163432.696,Duplin,,
-8671699.277,4164071.4,Duplin,,
-8687684.756,4178200.217,Duplin,,
-8690611.346,4140071.814,Duplin,,
-8679981.447,4179710.712,Duplin,,
-8680571.441,4179629.058,Duplin,,
-8663973.705,4179335.11,Duplin,,
-8671164.944,4167088.753,Duplin,,
-8669163.085,4167091.335,Duplin,,
-8678070.426,4169637.015,Duplin,,
-8670479.438,4167481.34,Duplin,,
-8698260.108,4171806.706,Duplin,,
-8697961.772,4170861.595,Duplin,,
-8694052.231,4135379.477,Duplin,,
-8678534.294,4126910.868,Duplin,,
-8677699.398,4152078.043,Duplin,,
-8675439.612,4161924.414,Duplin,,
-8673268.882,4147137.765,Duplin,,
-8672812.472,4147097.058,Duplin,,
-8664008.214,4156701.493,Duplin,,
-8663873.517,4157468.701,Duplin,,
-8698538.406,4171317.142,Duplin,,
-8684779.317,4173166.719,Duplin,,
-8684779.317,4173166.719,Duplin,,
-8684779.317,4173166.719,Duplin,,
-8676330.168,4172758.698,Duplin,,
-8673491.521,4167999.556,Duplin,,
-8668415.352,4178499.578,Duplin,,
-8678739.122,4140979.055,Duplin,,
-8674883.015,4151059.95,Duplin,,
-8684712.526,4166640.175,Duplin,,
-8684712.526,4166640.175,Duplin,,
-8684712.526,4166640.175,Duplin,,
-8665175.955,4173819.585,Duplin,,
-8675855.39,4169943.215,Duplin,,
-8673458.125,4167469.378,Duplin,,
-8683387.824,4147666.976,Duplin,,
-8677510.155,4166150.839,Duplin,,
-8668014.602,4181520.855,Duplin,,
-8657784.341,4162780.441,Duplin,,
-8688274.749,4157197.069,Duplin,,
-8685788.874,4159893.991,Duplin,,
-8679614.093,4170936.385,Duplin,,
-8674726.277,4159280.249,Duplin,,
-8674726.277,4159280.249,Duplin,,
-8674571.32,4157658.848,Duplin,,
-8672378.326,4156409.373,Duplin,,
-8659710.836,4177365.451,Duplin,,
-8697736.906,4134661.09,Duplin,,
-8684160.047,4173141.15,Duplin,,
-8684160.047,4173141.15,Duplin,,
-8684160.047,4173141.15,Duplin,,
-8674586.126,4148051.687,Duplin,,
-8674293.021,4148861.185,Duplin,,
-8672500.778,4147666.976,Duplin,,
-8694208.078,4180050.942,Duplin,,
-8674102.22,4150177.27,Duplin,,
-8659142.439,4156667.406,Duplin,,
-8658307.543,4178839.771,Duplin,,
-8684311.776,4150408.419,Duplin,,
-8682296.893,4168788.073,Duplin,,
-8682296.893,4168788.073,Duplin,,
-8682296.893,4168788.073,Duplin,,
-8682274.629,4151236.412,Duplin,,
-8698193.316,4187239.038,Duplin,,
-8683510.275,4182841.221,Duplin,,
-8677165.064,4175479.124,Duplin,,
-8682167.428,4172153.086,Duplin,,
-8696245.225,4135799.687,Duplin,,
-8685335.915,4163201.685,Duplin,,
-8680415.705,4160934.086,Duplin,,
-8691237.852,4167067.547,Duplin,,
-8696089.378,4167088.753,Duplin,,
-8688853.611,4172187.493,Duplin,,
-8688831.347,4173357.134,Duplin,,
-8687406.457,4171697.913,Duplin,,
-8653609.86,4134132.495,Duplin,,
-8683844.234,4152566.761,Duplin,,
-8681569.531,4152563.503,Duplin,,
-8686193.075,4165770.259,Duplin,,
-8653053.263,4129918.184,Duplin,,
-8650421.67,4161759.33,Duplin,,
-8649401.983,4131503.446,Duplin,,
-8684834.977,4181670.579,Duplin,,
-8684834.977,4181670.579,Duplin,,
-8684834.977,4181670.579,Duplin,,
-8679057.496,4157088.418,Duplin,,
-8672834.736,4150530.578,Duplin,,
-8668515.54,4166857.665,Duplin,,
-8658797.348,4177288.576,Duplin,,
-8649491.039,4151996.592,Duplin,,
-8678189.204,4183412.974,Duplin,,
-8669161.193,4180990.03,Duplin,,
-8694697.884,4178241.038,Duplin,,
-8694697.884,4178241.038,Duplin,,
-8689999.534,4174568.115,Duplin,,
-8684679.13,4168149.098,Duplin,,
-8682552.928,4166001.324,Duplin,,
-8676056.322,4167793.327,Duplin,,
-8676056.322,4167793.327,Duplin,,
-8674914.629,4168381.708,Duplin,,
-8673736.424,4165199.414,Duplin,,
-8697859.358,4168747.286,Duplin,,
-8696835.218,4172568.293,Duplin,,
-8694976.183,4173697.17,Duplin,,
-8691580.938,4169998.147,Duplin,,
-8691580.938,4171697.913,Duplin,,
-8690467.743,4172758.698,Duplin,,
-8678812.593,4184175.359,Duplin,,
-8671443.242,4172377.892,Duplin,,
-8685638.927,4164962.929,Duplin,,
-8655335.312,4146228.667,Duplin,,
-8654622.867,4154263.865,Duplin,,
-8654467.02,4147354.874,Duplin,,
-8652218.366,4154263.865,Duplin,,
-8652056.619,4159530.333,Duplin,,
-8651038.38,4149539.77,Duplin,,
-8671944.18,4183903.073,Duplin,,
-8669773.45,4184284.275,Duplin,,
-8669561.943,4180921.978,Duplin,,
-8666100.797,4187081.885,Duplin,,
-8665261.671,4185525.996,Duplin,,
-8665261.671,4185525.996,Duplin,,
-8665166.827,4184631.589,Duplin,,
-8660584.471,4183605.199,Duplin,,
-8672189.083,4168189.882,Duplin,,
-8671511.815,4168096.214,Duplin,,
-8668448.748,4170678.022,Duplin,,
-8666318.427,4170162.945,Duplin,,
-8662726.926,4175288.672,Duplin,,
-8662292.78,4177329.394,Duplin,,
-8660968.078,4172677.095,Duplin,,
-8660558.2,4173296.201,Duplin,,
-8648066.149,4131462.795,Duplin,,
-8696367.676,4140355.234,Duplin,,
-8696367.676,4140355.234,Duplin,,
-8663734.368,4178620.685,Duplin,,
-8663283.524,4178417.933,Duplin,,
-8662882.774,4177057.277,Duplin,,
-8660901.287,4177928.078,Duplin,,
-8659576.585,4176077.707,Duplin,,
-8659353.946,4178417.933,Duplin,,
-8658307.543,4178009.719,Duplin,,
-8674363.821,4146426.627,Duplin,,
-8669929.297,4179139.149,Duplin,,
-8667179.706,4174268.452,Duplin,,
-8664986.712,4174186.838,Duplin,,
-8660533.932,4181262.245,Duplin,,
-8659506.231,4181719.852,Duplin,,
-8657301.214,4178117.214,Duplin,,
-8655769.458,4179261.624,Duplin,,
-8663194.468,4143515.381,Duplin,,
-8656320.49,4127509.558,Duplin,,
-8654361.267,4127305.025,Duplin,,
-8653153.45,4146941.014,Duplin,,
-8647665.399,4130717.562,Duplin,,
-8689164.415,4169969.185,Duplin,,
-8664519.17,4182773.157,Duplin,,
-8661836.37,4175669.579,Duplin,,
-8660723.175,4167387.814,Duplin,,
-8660723.175,4175587.955,Duplin,,
-8660689.78,4171616.318,Duplin,,
-8659732.432,4167768.449,Duplin,,
-8659353.946,4171357.939,Duplin,,
-8657962.452,4168788.073,Duplin,,
-8674001.476,4178303.496,Duplin,,
-8669250.248,4175696.787,Duplin,,
-8669250.248,4179942.067,Duplin,,
-8668415.352,4175669.579,Duplin,,
-8667925.547,4174758.146,Duplin,,
-8667647.248,4175696.787,Duplin,,
-8666866.008,4184657.457,Duplin,,
-8665705.279,4172788.891,Duplin,,
-8659353.946,4183304.067,Duplin,,
-8655580.215,4175207.051,Duplin,,
-8678434.106,4153394.915,Duplin,,
-8676867.062,4149358.041,Duplin,,
-8676033.613,4154667.542,Duplin,,
-8675613.048,4149297.103,Duplin,,
-8660515.453,4170075.243,Duplin,,
-8660515.453,4170075.243,Duplin,,
-8657383.591,4164560.645,Duplin,,
-8697302.76,4158596.045,Duplin,,
-8693810.222,4137586.569,Duplin,,
-8687005.707,4156789.633,Duplin,,
-8685302.519,4157686.012,Duplin,,
-8684823.623,4158424.763,Duplin,,
-8660867.891,4146757.835,Duplin,,
-8662643.771,4144846.301,Duplin,,
-8662081.273,4144912.641,Duplin,,
-8672031.009,4177899.912,Duplin,,
-8670185.332,4177669.551,Duplin,,
-8663089.828,4184887.418,Duplin,,
-8662237.121,4156259.989,Duplin,,
-8659509.793,4144275.035,Duplin,,
-8659402.926,4150588.943,Duplin,,
-8656448.507,4148155.501,Duplin,,
-8656292.66,4149471.909,Duplin,,
-8652986.471,4159315.975,Duplin,,
-8651684.033,4153883.691,Duplin,,
-8649769.338,4154073.776,Duplin,,
-8669840.242,4182664.255,Duplin,,
-8694798.072,4134024.069,Duplin,,
-8666222.358,4174309.259,Duplin,,
-8660411.481,4128157.045,Duplin,,
-8657506.042,4133644.584,Duplin,,
-8655301.916,4136843.502,Duplin,,
-8654222.117,4134959.283,Duplin,,
-8653175.714,4127398.486,Duplin,,
-8650450.168,4133251.966,Duplin,,
-8650392.393,4132513.931,Duplin,,
-8698505.011,4142606.578,Duplin,,
-8697785.998,4138806.004,Duplin,,
-8659943.939,4140572.211,Duplin,,
-8659231.494,4140206.065,Duplin,,
-8656467.988,4142206.728,Duplin,,
-8655335.312,4144614.182,Duplin,,
-8654166.457,4137860.3,Duplin,,
-8652906.209,4142608.341,Duplin,,
-8652184.971,4139148.376,Duplin,,
-8649958.581,4138009.438,Duplin,,
-8697391.816,4183835.002,Duplin,,
-8673703.028,4158704.711,Duplin,,
-8654377.964,4143745.985,Duplin,,
-8652496.665,4146147.259,Duplin,,
-8649891.789,4145319.643,Duplin,,
-8649524.435,4144085.116,Duplin,,
-8649316.379,4144900.702,Duplin,,
-8698185.524,4129137.83,Duplin,,
-8696979.6,4136800.663,Duplin,,
-8691328.02,4147248.626,Duplin,,
-8700085.747,4159546.906,Duplin,,
-8696835.218,4128184.138,Duplin,,
-8696245.225,4129240.79,Duplin,,
-8688228.441,4175818.68,Duplin,,
-8679825.6,4175016.604,Duplin,,
-8678255.995,4172826.7,Duplin,,
-8674883.015,4169168.756,Duplin,,
-8672830.617,4141755.761,Duplin,,
-8662292.78,4130067.216,Duplin,,
-8653561.325,4155988.93,Duplin,,
-8772654.923,4325155.411,Durham,,
-8642722.814,4262847.475,Edgecombe,,
-8627260.537,4274962.056,Edgecombe,,
-8627260.537,4274962.056,Edgecombe,,
-8616406.886,4284506.793,Edgecombe,,
-8658447.582,4282112.544,Edgecombe,,
-8612722.211,4281333.442,Edgecombe,,
-8632915.567,4306897.677,Edgecombe,,
-8616039.532,4298296.207,Edgecombe,,
-8613690.691,4285344.932,Edgecombe,,
-8613690.691,4285344.932,Edgecombe,,
-8613690.691,4285344.932,Edgecombe,,
-8648166.337,4294885.032,Edgecombe,,
-8648166.337,4294885.032,Edgecombe,,
-8648166.337,4294885.032,Edgecombe,,
-8642477.911,4307765.084,Edgecombe,,
-8642477.911,4307765.084,Edgecombe,,
-8642477.911,4307765.084,Edgecombe,,
-8642477.911,4307765.084,Edgecombe,,
-8643034.508,4274701.239,Edgecombe,,
-8636718.908,4268296,Edgecombe,,
-8648901.046,4286073.204,Edgecombe,,
-8639811.475,4275022.32,Edgecombe,,
-8637858.152,4277460.733,Edgecombe,,
-8654934.562,4290306.389,Edgecombe,,
-8616251.039,4280605.487,Edgecombe,,
-8636878.541,4304144.465,Edgecombe,,
-8633316.317,4305355.792,Edgecombe,,
-8651405.734,4305975.273,Edgecombe,,
-8651405.734,4305975.273,Edgecombe,,
-8645194.106,4316566.995,Edgecombe,,
-8658830.744,4280152.257,Edgecombe,,
-8657572.834,4280481.877,Edgecombe,,
-8656882.653,4285111.346,Edgecombe,,
-8652307.422,4279506.78,Edgecombe,,
-8649134.816,4288217.079,Edgecombe,,
-8648555.955,4286279.327,Edgecombe,,
-8618911.575,4303979.294,Edgecombe,,
-8698471.615,4301914.875,Franklin,,
-8697948.413,4302424.062,Franklin,,
-8690156.049,4322080.443,Franklin,,
-8713744.649,4331197.585,Franklin,,
-8701556.278,4311881.394,Franklin,,
-8701040.423,4311517.487,Franklin,,
-8694208.078,4311097.673,Franklin,,
-8697948.413,4310712.032,Franklin,,
-8697915.017,4310753.35,Franklin,,
-9056308.118,4218946.883,Gaston,,
-9056308.118,4218946.883,Gaston,,
-9056308.118,4218946.883,Gaston,,
-9043784.675,4209268.038,Gaston,,
-9043784.675,4209268.038,Gaston,,
-9043784.675,4209268.038,Gaston,,
-9043784.675,4209268.038,Gaston,,
-8538360.791,4351113.804,Gates,,
-8547733.892,4366179.026,Gates,,
-8545129.016,4358221.846,Gates,,
-8545129.016,4358221.846,Gates,,
-8545129.016,4358221.846,Gates,,
-8545129.016,4358221.846,Gates,,
-8539006.444,4360988.892,Gates,,
-8534883.17,4368586.024,Gates,,
-8536067.61,4368518.867,Gates,,
-8544817.322,4362414.199,Gates,,
-8759018.286,4362137.425,Granville,,
-8754966.256,4344162.425,Granville,,
-8756424.542,4349233.863,Granville,,
-8643123.564,4231847.033,Greene,,
-8634151.213,4236592.74,Greene,,
-8633694.803,4227021.37,Greene,,
-8629631.642,4226078.358,Greene,,
-8660656.384,4233597.372,Greene,,
-8656741.166,4216286.333,Greene,,
-8654500.416,4227595.417,Greene,,
-8662671.267,4239452.096,Greene,,
-8642634.871,4235369.874,Greene,,
-8632481.421,4221747.007,Greene,,
-8629798.621,4228702.593,Greene,,
-8659788.092,4228319.853,Greene,,
-8652774.964,4238275.428,Greene,,
-8652184.971,4236866.33,Greene,,
-8646708.052,4216284.012,Greene,,
-8645349.954,4215068.864,Greene,,
-8632425.761,4226611.355,Greene,,
-8655279.652,4228538.56,Greene,,
-8655023.618,4219138.089,Greene,,
-8629887.677,4225969.028,Greene,,
-8642722.814,4231655.606,Greene,,
-8636232.887,4225654.712,Greene,,
-8628006.377,4224178.912,Greene,,
-8653835.616,4217496.153,Greene,,
-8650147.824,4241121.538,Greene,,
-8630666.913,4223987.619,Greene,,
-8649468.775,4221309.868,Greene,,
-8645439.009,4216092.856,Greene,,
-8658797.348,4232038.462,Greene,,
-8646307.301,4232421.332,Greene,,
-8633973.102,4223536.728,Greene,,
-8644882.412,4229878.235,Greene,,
-8660289.029,4228538.56,Greene,,
-8659609.981,4217048.668,Greene,,
-8660968.078,4229003.326,Greene,,
-8635397.991,4228702.593,Greene,,
-8654878.902,4223386.435,Greene,,
-8648377.844,4233146.086,Greene,,
-8648107.894,4233953.08,Greene,,
-8643190.356,4234431.616,Greene,,
-8642099.425,4234814.569,Greene,,
-8650047.636,4251622.958,Greene,,
-8650014.24,4252116.102,Greene,,
-8657561.702,4244584.388,Greene,,
-8657561.702,4244584.388,Greene,,
-8657561.702,4244584.388,Greene,,
-8658433.779,4222186.486,Greene,,
-8657105.292,4221446.472,Greene,,
-8656662.797,4222664.1,Greene,,
-8655090.409,4222621.338,Greene,,
-8652741.568,4223946.628,Greene,,
-8651817.616,4223263.469,Greene,,
-8658830.744,4226338.02,Greene,,
-8657684.153,4229304.068,Greene,,
-8656548.695,4226994.035,Greene,,
-8637591.097,4217963.458,Greene,,
-8648444.636,4234349.556,Greene,,
-8645891.189,4234094.081,Greene,,
-8640930.57,4236743.214,Greene,,
-8656637.75,4231806.012,Greene,,
-8649836.129,4233173.436,Greene,,
-8659732.432,4238685.879,Greene,,
-8648868.763,4236144.066,Greene,,
-8647690.112,4249587.881,Greene,,
-8645316.558,4238384.88,Greene,,
-8644819.071,4217288.043,Greene,,
-8644426.002,4224178.912,Greene,,
-8640685.667,4235033.405,Greene,,
-8642355.459,4228128.488,Greene,,
-8654010.61,4236373.872,Greene,,
-8652619.117,4238275.428,Greene,,
-8627382.988,4223113.18,Greene,,
-8625379.237,4223646.033,Greene,,
-8647387.1,4241655.266,Greene,,
-8639539.076,4230589.149,Greene,,
-8638882.291,4234089.705,Greene,,
-8638270.034,4234199.115,Greene,,
-8636377.603,4235416.379,Greene,,
-8636232.887,4229071.676,Greene,,
-8637067.784,4235457.413,Greene,,
-8653075.526,4216284.012,Greene,,
-8642355.459,4235375.346,Greene,,
-8628954.04,4225696.803,Greene,,
-8628284.676,4227827.778,Greene,,
-8627171.481,4228360.86,Greene,,
-8654066.27,4230821.573,Greene,,
-8641854.522,4216406.899,Greene,,
-8636377.603,4221023.004,Greene,,
-8631005.324,4232217.179,Greene,,
-8657506.042,4232038.462,Greene,,
-8657489.344,4231636.737,Greene,,
-8635487.047,4216174.779,Greene,,
-8635069.487,4217456.142,Greene,,
-8636355.339,4218523.512,Greene,,
-8662359.572,4223345.446,Greene,,
-8661302.037,4220080.506,Greene,,
-8655090.409,4221869.956,Greene,,
-8654255.513,4228729.932,Greene,,
-8650982.72,4223454.749,Greene,,
-8647732.191,4236092.087,Greene,,
-8642255.272,4236866.33,Greene,,
-8637103.406,4215497.427,Greene,,
-8632459.157,4230220.015,Greene,,
-8856333.785,4324465.88,Guilford,,
-8858092.633,4324148.711,Guilford,,
-8858092.633,4324148.711,Guilford,,
-8863168.801,4293056.094,Guilford,,
-8862341.809,4319526.54,Guilford,,
-8875135.647,4309803.075,Guilford,,
-8867988.935,4303910.474,Guilford,,
-8856856.986,4289082.994,Guilford,,
-8878070.808,4333663.846,Guilford,,
-8867510.707,4333808.905,Guilford,,
-8867510.707,4333808.905,Guilford,,
-8867988.935,4303910.474,Guilford,,
-8855832.847,4292134.865,Guilford,,
-8627801.772,4310879.647,Halifax,,
-8626737.335,4311745.031,Halifax,,
-8619156.478,4323997.025,Halifax,,
-8617208.387,4333350.408,Halifax,,
-8621850.409,4342173.194,Halifax,,
-8615510.764,4314498.798,Halifax,,
-8613892.179,4314366.535,Halifax,,
-8623249.695,4326499.985,Halifax,,
-8635374.726,4325167.823,Halifax,,
-8627234.933,4331736.716,Halifax,,
-8675194.709,4327720.853,Halifax,,
-8787908.254,4207771.647,Harnett,,
-8781680.819,4216980.256,Harnett,,
-8781680.819,4216980.256,Harnett,,
-8790955.291,4208282.746,Harnett,,
-8787499.044,4204176.881,Harnett,,
-8780179.008,4212923.431,Harnett,,
-8779514.097,4223117.962,Harnett,,
-8779514.097,4223117.962,Harnett,,
-8781535.102,4237723.806,Harnett,,
-8808659.543,4192429.893,Harnett,,
-8808659.543,4192429.893,Harnett,,
-8811563.757,4198796.742,Harnett,,
-8750629.249,4198781.883,Harnett,,
-8750629.249,4198781.883,Harnett,,
-8754212.067,4220456.813,Harnett,,
-8787908.254,4207771.647,Harnett,,
-9236734.749,4245036.145,Haywood,,
-9241933.369,4243626.178,Haywood,,
-9236734.749,4255226.157,Haywood,,
-9221116.624,4245460.54,Haywood,,
-9220960.777,4239260.536,Haywood,,
-9242300.723,4244584.388,Haywood,,
-9233027.81,4246364.144,Haywood,,
-9242300.723,4244091.584,Haywood,,
-9242300.723,4244091.584,Haywood,,
-9242300.723,4244091.584,Haywood,,
-9242300.723,4244091.584,Haywood,,
-9189735.66,4217990.906,Henderson,,
-9189735.66,4217990.906,Henderson,,
-8588284.466,4342718.262,Hertford,,
-8583267.63,4351721.538,Hertford,,
-8579812.273,4350252.999,Hertford,,
-8560137.555,4340556.385,Hertford,,
-8552119.88,4336221.508,Hertford,,
-8543770.918,4340833.433,Hertford,,
-8541418.96,4336877.414,Hertford,,
-8824554.853,4156828.747,Hoke,,
-8831094.205,4168111.032,Hoke,,
-8829705.161,4164319.689,Hoke,,
-8816715.401,4162574.309,Hoke,,
-8837595.931,4163677.302,Hoke,,
-8830045.353,4155908.401,Hoke,,
-8829736.998,4147608.083,Hoke,,
-8829583.711,4152268.776,Hoke,,
-8828084.905,4151883.376,Hoke,,
-8814154.162,4158431.826,Hoke,,
-8829709.168,4148644.047,Hoke,,
-8827952.213,4146409.938,Hoke,,
-8826956.571,4143310.283,Hoke,,
-8836455.797,4166598.581,Hoke,,
-8525041.414,4253688.145,Hyde,,
-8518724.033,4251431.186,Hyde,,
-8518724.033,4251431.186,Hyde,,
-8985341.943,4305204.369,Iredell,,
-8985341.943,4305204.369,Iredell,,
-8987189.846,4282253.756,Iredell,,
-8987189.846,4282253.756,Iredell,,
-8987189.846,4282253.756,Iredell,,
-9010388.828,4286100.687,Iredell,,
-9002652.123,4288327.032,Iredell,,
-9002652.123,4288327.032,Iredell,,
-9002652.123,4288327.032,Iredell,,
-9002652.123,4288327.032,Iredell,,
-9001728.172,4286677.844,Iredell,,
-9001728.172,4286677.844,Iredell,,
-9001728.172,4286677.844,Iredell,,
-8997865.385,4278476.843,Iredell,,
-9016878.754,4303979.294,Iredell,,
-9016878.754,4303979.294,Iredell,,
-9016878.754,4303979.294,Iredell,,
-9016878.754,4303979.294,Iredell,,
-9023572.395,4271446.894,Iredell,,
-9023572.395,4271446.894,Iredell,,
-9023572.395,4271446.894,Iredell,,
-9023572.395,4271446.894,Iredell,,
-8984874.401,4288203.335,Iredell,,
-8984874.401,4288203.335,Iredell,,
-8984874.401,4288203.335,Iredell,,
-9012425.975,4287791.019,Iredell,,
-8998789.337,4308081.774,Iredell,,
-8998789.337,4308081.774,Iredell,,
-8998789.337,4308081.774,Iredell,,
-8998789.337,4308081.774,Iredell,,
-9006615.097,4290608.822,Iredell,,
-9006615.097,4290608.822,Iredell,,
-9006615.097,4290608.822,Iredell,,
-9006615.097,4290608.822,Iredell,,
-8986076.651,4290540.087,Iredell,,
-9009398.085,4303291.111,Iredell,,
-9009398.085,4303291.111,Iredell,,
-9009398.085,4303291.111,Iredell,,
-9009398.085,4303291.111,Iredell,,
-9006670.757,4294431.207,Iredell,,
-9006670.757,4294431.207,Iredell,,
-8999256.879,4293936.146,Iredell,,
-8999256.879,4293936.146,Iredell,,
-8999256.879,4293936.146,Iredell,,
-8999256.879,4293936.146,Iredell,,
-8996128.801,4289509.105,Iredell,,
-8996128.801,4289509.105,Iredell,,
-8996128.801,4289509.105,Iredell,,
-8990907.917,4285729.673,Iredell,,
-8990907.917,4285729.673,Iredell,,
-8990907.917,4285729.673,Iredell,,
-8990907.917,4285729.673,Iredell,,
-8985520.054,4304557.402,Iredell,,
-8985520.054,4304557.402,Iredell,,
-9008529.792,4305135.541,Iredell,,
-9008529.792,4305135.541,Iredell,,
-9008529.792,4305135.541,Iredell,,
-9013939.92,4270089.911,Iredell,,
-9013939.92,4270089.911,Iredell,,
-9013939.92,4270089.911,Iredell,,
-9013939.92,4270089.911,Iredell,,
-9011034.481,4288780.603,Iredell,,
-9003887.77,4293551.114,Iredell,,
-9002039.866,4288395.754,Iredell,,
-8745693.788,4224762.239,Johnston,,
-8744179.398,4232640.121,Johnston,,
-8740236.795,4255399.633,Johnston,,
-8740236.795,4255399.633,Johnston,,
-8723877.617,4202872.377,Johnston,,
-8734494.602,4228852.959,Johnston,,
-8724648.95,4217268.516,Johnston,,
-8737824.836,4209826.422,Johnston,,
-8749209.48,4220654.191,Johnston,,
-8744268.453,4220462.959,Johnston,,
-8744268.453,4220462.959,Johnston,,
-8718542.519,4203061.121,Johnston,,
-8718019.317,4203702.114,Johnston,,
-8726735.634,4204534.096,Johnston,,
-8720768.909,4202188.341,Johnston,,
-8731466.712,4204152.194,Johnston,,
-8731466.712,4204152.194,Johnston,,
-8731466.712,4204152.194,Johnston,,
-8730386.913,4208326.544,Johnston,,
-8729919.371,4218946.883,Johnston,,
-8729184.662,4215300.96,Johnston,,
-8725407.258,4211387.101,Johnston,,
-8725344.14,4211506.112,Johnston,,
-8721692.861,4239479.461,Johnston,,
-8740401.437,4227303.196,Johnston,,
-8720947.02,4211901.917,Johnston,,
-8720535.138,4238111.252,Johnston,,
-8716930.613,4208661.789,Johnston,,
-8742603.336,4234570.572,Johnston,,
-8718061.507,4203549.772,Johnston,,
-8714768.788,4226720.691,Johnston,,
-8712842.961,4209813.868,Johnston,,
-8711139.773,4225272.078,Johnston,,
-8702720.234,4221619.552,Johnston,,
-8702642.645,4216419.734,Johnston,,
-8700152.539,4235717.297,Johnston,,
-8724576.035,4200933.839,Johnston,,
-8721960.027,4204165.834,Johnston,,
-8721737.388,4203770.307,Johnston,,
-8709603.898,4209988.948,Johnston,,
-8709603.898,4209988.948,Johnston,,
-8735219.069,4214583.388,Johnston,,
-8718609.311,4214044.967,Johnston,,
-8721537.013,4205638.955,Johnston,,
-8716683.483,4204575.014,Johnston,,
-8723885.855,4245145.665,Johnston,,
-8723885.855,4245145.665,Johnston,,
-8725850.755,4213494.695,Johnston,,
-8715301.786,4211365.81,Johnston,,
-8736706.52,4226153.523,Johnston,,
-8717530.736,4203690.794,Johnston,,
-8731623.784,4212100.78,Johnston,,
-8740494.723,4223728.013,Johnston,,
-8729549.011,4202521.217,Johnston,,
-8725589.043,4202938.382,Johnston,,
-8712584.143,4258641.797,Johnston,,
-8712584.143,4258641.797,Johnston,,
-8712584.143,4258641.797,Johnston,,
-8712584.143,4258641.797,Johnston,,
-8712453.343,4271654.25,Johnston,,
-8710004.314,4268786.467,Johnston,,
-8744032.122,4231692.797,Johnston,,
-8733926.873,4235607.871,Johnston,,
-8733926.873,4235607.871,Johnston,,
-8747988.751,4228245.22,Johnston,,
-8718052.713,4260064.255,Johnston,,
-8715091.615,4207644.353,Johnston,,
-8634529.699,4177030.065,Jones,,
-8624666.792,4191243.524,Jones,,
-8599742.358,4173588.357,Jones,,
-8599742.358,4173588.357,Jones,,
-8615538.594,4173629.162,Jones,,
-8608213.772,4165430.467,Jones,,
-8643869.405,4164370.38,Jones,,
-8643334.737,4168270.772,Jones,,
-8604072.687,4162753.264,Jones,,
-8640129.07,4169127.968,Jones,,
-8640129.07,4169127.968,Jones,,
-8630811.628,4180881.146,Jones,,
-8637034.388,4164981.956,Jones,,
-8624410.758,4182841.221,Jones,,
-8628652.03,4162440.74,Jones,,
-8613061.29,4153823.679,Jones,,
-8604929.847,4169209.544,Jones,,
-8607169.817,4156020.028,Jones,,
-8635696.773,4174835.547,Jones,,
-8630298.334,4172554.557,Jones,,
-8628440.523,4185836.449,Jones,,
-8631190.115,4162440.74,Jones,,
-8627260.537,4191093.67,Jones,,
-8651906.672,4164370.38,Jones,,
-8650849.137,4164180.119,Jones,,
-8616128.587,4178349.896,Jones,,
-8612878.058,4152756.824,Jones,,
-8634585.359,4174499.694,Jones,,
-8631905.899,4171190.131,Jones,,
-8618372.12,4173498.044,Jones,,
-8603760.992,4161245.074,Jones,,
-8603760.992,4161245.074,Jones,,
-8603760.992,4161245.074,Jones,,
-8634482.945,4162943.365,Jones,,
-8623895.682,4164666.515,Jones,,
-8621137.965,4173207.522,Jones,,
-8609571.869,4181262.245,Jones,,
-8623987.743,4186517.295,Jones,,
-8638098.825,4165824.899,Jones,,
-8620770.61,4183154.32,Jones,,
-8620770.61,4183154.32,Jones,,
-8648099.545,4162481.503,Jones,,
-8633285.259,4165508.754,Jones,,
-8646952.954,4161353.766,Jones,,
-8639973.222,4165579.974,Jones,,
-8600888.949,4170596.435,Jones,,
-8641734.185,4169103.359,Jones,,
-8638742.919,4163499.011,Jones,,
-8620392.124,4170678.022,Jones,,
-8620392.124,4170678.022,Jones,,
-8620392.124,4170678.022,Jones,,
-8582732.74,4138999.222,Jones,,
-8582732.74,4138999.222,Jones,,
-8818451.762,4209991.268,Lee,,
-8650293.652,4175955.267,Lenoir,,
-8660175.595,4197348.387,Lenoir,,
-8636120.343,4184842.488,Lenoir,,
-8652150.461,4185523.273,Lenoir,,
-8639919.121,4188600.946,Lenoir,,
-8645138.447,4170800.404,Lenoir,,
-8641835.152,4179737.93,Lenoir,,
-8652572.362,4189445.412,Lenoir,,
-8647130.175,4178458.755,Lenoir,,
-8650162.629,4186898.587,Lenoir,,
-8649981.29,4181643.356,Lenoir,,
-8663689.84,4203088.397,Lenoir,,
-8657541.664,4207466.99,Lenoir,,
-8649255.709,4209008.778,Lenoir,,
-8660342.685,4188274.073,Lenoir,,
-8627187.066,4212939.265,Lenoir,,
-8643232.1,4184992.257,Lenoir,,
-8651931.385,4168189.882,Lenoir,,
-8657126.443,4196735.023,Lenoir,,
-8663196.695,4189513.517,Lenoir,,
-8660574.23,4186263.743,Lenoir,,
-8623806.293,4206539.293,Lenoir,,
-8647450.553,4185836.449,Lenoir,,
-8663330.278,4188165.117,Lenoir,,
-8663757.3,4188723.526,Lenoir,,
-8662802.29,4188369.41,Lenoir,,
-8649299.569,4188818.866,Lenoir,,
-8647906.629,4173860.39,Lenoir,,
-8645837.867,4182637.03,Lenoir,,
-8644163.288,4180486.451,Lenoir,,
-8648107.56,4169821.386,Lenoir,,
-8646777.292,4177860.044,Lenoir,,
-8639197.326,4173253.902,Lenoir,,
-8637931.623,4181765.859,Lenoir,,
-8635368.603,4178404.326,Lenoir,,
-8660949.488,4197348.387,Lenoir,,
-8659541.296,4187497.788,Lenoir,,
-8647277.785,4184086.456,Lenoir,,
-8647216.782,4183222.387,Lenoir,,
-8646616.436,4181833.917,Lenoir,,
-8645068.315,4173982.807,Lenoir,,
-8640560.433,4214195.132,Lenoir,,
-8636315.264,4180105.379,Lenoir,,
-8645817.496,4177397.425,Lenoir,,
-8651249.219,4171575.521,Lenoir,,
-8646708.052,4171276.346,Lenoir,,
-8652089.681,4172813.1,Lenoir,,
-8650825.76,4179982.895,Lenoir,,
-8621796.865,4207153.202,Lenoir,,
-8622876.107,4201520.165,Lenoir,,
-8663732.141,4188546.466,Lenoir,,
-8663194.468,4202488.351,Lenoir,,
-8663172.872,4198588.849,Lenoir,,
-8662673.493,4190848.459,Lenoir,,
-8649109.213,4190249.078,Lenoir,,
-8644767.085,4194895.135,Lenoir,,
-8655084.843,4178853.379,Lenoir,,
-8652583.606,4182024.481,Lenoir,,
-8644969.352,4177383.819,Lenoir,,
-8650471.875,4174091.623,Lenoir,,
-8645634.82,4179424.927,Lenoir,,
-8644270.155,4174499.694,Lenoir,,
-8656487.469,4182242.272,Lenoir,,
-8646603.857,4174105.225,Lenoir,,
-8643508.841,4174404.476,Lenoir,,
-8659083.328,4191979.199,Lenoir,,
-8637288.196,4179438.535,Lenoir,,
-8663285.416,4201479.257,Lenoir,,
-8661077.283,4190439.787,Lenoir,,
-8646114.719,4187211.802,Lenoir,,
-8645523.501,4182351.17,Lenoir,,
-9052500.991,4220654.191,Lincoln,,
-9052500.991,4220654.191,Lincoln,,
-9052500.991,4220654.191,Lincoln,,
-9052500.991,4220654.191,Lincoln,,
-9055963.028,4225969.028,Lincoln,,
-9055963.028,4225969.028,Lincoln,,
-9055963.028,4225969.028,Lincoln,,
-9059369.404,4221897.278,Lincoln,,
-9059369.404,4221897.278,Lincoln,,
-9059369.404,4221897.278,Lincoln,,
-9059369.404,4221897.278,Lincoln,,
-9048482.358,4238302.791,Lincoln,,
-9048482.358,4238302.791,Lincoln,,
-9048482.358,4238302.791,Lincoln,,
-9048482.358,4238302.791,Lincoln,,
-9033576.678,4229755.196,Lincoln,,
-8596280.1,4278197.128,Martin,,
-8587017.316,4283888.535,Martin,,
-8584409.768,4276336.532,Martin,,
-8889110.028,4224056.348,Montgomery,,
-8896759.235,4193719.539,Montgomery,,
-8872507.394,4191208.785,Montgomery,,
-8866319.143,4227811.376,Moore,,
-8866319.143,4227811.376,Moore,,
-8860420.657,4228585.582,Moore,,
-8865553.488,4207600.012,Moore,,
-8865007.02,4208046.022,Moore,,
-8863888.037,4207153.884,Moore,,
-8847176.198,4225365.822,Moore,,
-8844607.723,4218474.484,Moore,,
-8866114.093,4208208.249,Moore,,
-8854503.692,4211324.32,Moore,,
-8691825.841,4287557.38,Nash,,
-8677176.196,4303347.127,Nash,,
-8684779.317,4315161.515,Nash,,
-8693618.085,4302644.258,Nash,,
-8692259.987,4300731.451,Nash,,
-8701566.297,4289536.596,Nash,,
-8676868.509,4291198.179,Nash,,
-8709202.814,4268635.552,Nash,,
-8709202.814,4268635.552,Nash,,
-8653420.617,4312516.401,Nash,,
-8708278.862,4268292.571,Nash,,
-8698037.469,4280935.121,Nash,,
-8678656.745,4287172.574,Nash,,
-8681894.473,4307027.371,Nash,,
-8688274.749,4315616.209,Nash,,
-8678066.752,4321473.826,Nash,,
-8686627.221,4287172.574,Nash,,
-8685391.575,4310643.169,Nash,,
-8681996.33,4310946.17,Nash,,
-8679458.246,4283696.195,Nash,,
-8678656.745,4287172.574,Nash,,
-8656148.39,4319885.202,Nash,,
-8656148.39,4319885.202,Nash,,
-8656148.39,4319885.202,Nash,,
-8686070.624,4321887.425,Nash,,
-8676730.918,4316649.676,Nash,,
-8669005.346,4318758.254,Nash,,
-8696679.371,4301226.822,Nash,,
-8681684.636,4301075.457,Nash,,
-8680448.989,4303759.071,Nash,,
-8678278.259,4314389.956,Nash,,
-8643190.356,4373490.994,Northampton,,
-8622061.916,4351196.75,Northampton,,
-8613412.392,4356755.6,Northampton,,
-8602464.565,4352276.353,Northampton,,
-8601067.06,4350920.266,Northampton,,
-8607935.473,4342090.317,Northampton,,
-8602146.859,4354114.097,Northampton,,
-8602002.144,4355566.152,Northampton,,
-8601590.262,4358180.346,Northampton,,
-8595846.176,4334813.47,Northampton,,
-8595846.176,4334813.47,Northampton,,
-8608959.612,4349496.482,Northampton,,
-8608213.772,4356727.937,Northampton,,
-8611421.888,4344787.312,Northampton,,
-8611486.565,4346207.295,Northampton,,
-8612043.162,4361334.823,Northampton,,
-8640348.926,4375049.587,Northampton,,
-8626755.925,4368061.797,Northampton,,
-8624043.403,4369058.903,Northampton,,
-8619156.478,4347962.324,Northampton,,
-8615917.08,4368255.783,Northampton,,
-8599586.511,4344480.183,Northampton,,
-8586662.318,4366483.592,Northampton,,
-8633098.019,4156951.112,Onslow,,
-8631501.809,4154630.473,Onslow,,
-8633973.102,4153951.578,Onslow,,
-8644812.392,4132162.548,Onslow,,
-8640463.028,4118259.181,Onslow,,
-8640463.028,4118259.181,Onslow,,
-8640463.028,4118259.181,Onslow,,
-8639594.736,4149811.215,Onslow,,
-8641297.924,4134999.946,Onslow,,
-8639628.132,4114876.142,Onslow,,
-8645227.502,4130067.216,Onslow,,
-8644840.222,4157279.373,Onslow,,
-8641887.918,4137182.425,Onslow,,
-8642566.967,4159913.688,Onslow,,
-8646340.697,4160144.632,Onslow,,
-8643649.549,4161105.543,Onslow,,
-8643649.549,4161105.543,Onslow,,
-8637346.082,4144912.641,Onslow,,
-8634128.949,4120479.008,Onslow,,
-8640618.875,4152186.645,Onslow,,
-8643591.106,4137182.425,Onslow,,
-8619156.478,4142199.675,Onslow,,
-8632637.268,4137833.184,Onslow,,
-8639015.875,4131760.903,Onslow,,
-8638860.027,4151697.944,Onslow,,
-8593931.481,4137900.973,Onslow,,
-8639438.889,4116459.277,Onslow,,
-8637490.798,4099773.166,Onslow,,
-8641798.862,4140423.039,Onslow,,
-8641364.716,4140355.234,Onslow,,
-8629175.232,4151915.142,Onslow,,
-8629141.836,4151317.858,Onslow,,
-8645995.607,4138538.216,Onslow,,
-8625593.305,4139919.259,Onslow,,
-8634429.512,4155010.672,Onslow,,
-8640664.182,4149301.582,Onslow,,
-8630811.628,4126003.414,Onslow,,
-8642566.967,4152906.161,Onslow,,
-8640754.574,4154369.772,Onslow,,
-8640741.327,4150150.531,Onslow,,
-8639572.472,4156151.347,Onslow,,
-8638882.291,4153503.53,Onslow,,
-8635921.193,4157427.956,Onslow,,
-8632392.365,4152037.318,Onslow,,
-8631590.865,4155092.145,Onslow,,
-8635087.967,4135785.996,Onslow,,
-8634930.449,4147884.096,Onslow,,
-8641053.021,4129471.1,Onslow,,
-8634807.998,4126680.612,Onslow,,
-8630967.476,4128414.425,Onslow,,
-8624945.091,4139189.054,Onslow,,
-8626893.182,4142009.792,Onslow,,
-8626180.737,4143094.881,Onslow,,
-8645349.954,4139338.21,Onslow,,
-8643435.259,4146717.129,Onslow,,
-8632759.719,4157957.656,Onslow,,
-8602117.694,4142182.043,Onslow,,
-8819498.165,4294321.191,Orange,,
-8801197.241,4332204.942,Orange,,
-8810447.891,4297911.021,Orange,,
-8567923.908,4186980.295,Pamlico,,
-8542293.152,4177089.386,Pamlico,,
-8499710.664,4359065.719,Pasquotank,,
-8483624.998,4335117.149,Pasquotank,,
-8482144.448,4327058.745,Pasquotank,,
-8692382.439,4106909.733,Pender,,
-8698627.462,4116567.534,Pender,,
-8686153.111,4117154.574,Pender,,
-8681290.676,4122359.708,Pender,,
-8688642.104,4114808.492,Pender,,
-8679731.312,4119237.069,Pender,,
-8678868.252,4118935.911,Pender,,
-8678589.954,4119463.788,Pender,,
-8689232.097,4094788.364,Pender,,
-8684936.167,4104733.006,Pender,,
-8683408.195,4119459.322,Pender,,
-8676552.807,4124622.057,Pender,,
-8684477.53,4098295.597,Pender,,
-8681996.33,4096139.04,Pender,,
-8678251.32,4089801.177,Pender,,
-8691020.667,4119977.343,Pender,,
-8653331.561,4122509.723,Pender,,
-8701877.991,4096395.687,Pender,,
-8701165.546,4095207.056,Pender,,
-8688303.136,4093991.81,Pender,,
-8683760.299,4107228.416,Pender,,
-8680972.191,4110330.945,Pender,,
-8679458.246,4110222.748,Pender,,
-8668330.193,4111182.624,Pender,,
-8678901.648,4095017.967,Pender,,
-8691180.188,4105976.856,Pender,,
-8689287.757,4105828.144,Pender,,
-8684745.922,4118705.818,Pender,,
-8649901.808,4122477.229,Pender,,
-8698594.066,4095166.537,Pender,,
-8682055.329,4123844.374,Pender,,
-8699243.281,4099614.266,Pender,,
-8666400.915,4092511.219,Pender,,
-8700453.102,4108451.178,Pender,,
-8700453.102,4108451.178,Pender,,
-8700453.102,4108451.178,Pender,,
-8693592.259,4116707.863,Pender,,
-8693592.259,4116707.863,Pender,,
-8693592.259,4116707.863,Pender,,
-8698816.705,4108640.493,Pender,,
-8698816.705,4108640.493,Pender,,
-8698816.705,4108640.493,Pender,,
-8678534.294,4088631.329,Pender,,
-8692193.196,4124310.598,Pender,,
-8702911.815,4104407.634,Pender,,
-8699618.206,4114159.069,Pender,,
-8694542.037,4112359.824,Pender,,
-8692193.196,4124310.598,Pender,,
-8652151.575,4125068.948,Pender,,
-8690586.076,4117737.179,Pender,,
-8687084.521,4103170.445,Pender,,
-8677565.814,4115485.014,Pender,,
-8686443.21,4102060.699,Pender,,
-8676229.535,4111773.981,Pender,,
-8676229.535,4111773.981,Pender,,
-8676229.535,4111773.981,Pender,,
-8672534.173,4109654.734,Pender,,
-8664185.212,4111426.494,Pender,,
-8677142.8,4113144.422,Pender,,
-8674782.827,4118340.386,Pender,,
-8676019.698,4107232.473,Pender,,
-8668081.394,4100529.86,Pender,,
-8656837.123,4088409.954,Pender,,
-8698204.448,4115769.165,Pender,,
-8697440.351,4116202.442,Pender,,
-8696590.315,4115485.014,Pender,,
-8686170.811,4089387.275,Pender,,
-8645539.42,4121513.814,Pender,,
-8518134.04,4347658.283,Perquimans,,
-8511332.419,4349385.905,Perquimans,,
-8521974.562,4334730.65,Perquimans,,
-8521974.562,4334730.65,Perquimans,,
-8521473.624,4335420.836,Perquimans,,
-8487087.034,4316566.995,Perquimans,,
-8513647.864,4315616.209,Perquimans,,
-8513647.864,4315616.209,Perquimans,,
-8513647.864,4315616.209,Perquimans,,
-8808221.501,4336994.628,Person,,
-8801163.845,4344507.815,Person,,
-8799616.504,4345198.628,Person,,
-8784688.56,4359217.9,Person,,
-8784688.56,4359217.9,Person,,
-8781248.788,4344936.114,Person,,
-8776985.252,4347119.322,Person,,
-8776985.252,4347119.322,Person,,
-8796399.371,4337450.242,Person,,
-8795597.871,4337146.497,Person,,
-8794829.766,4345474.966,Person,,
-8794829.766,4345474.966,Person,,
-8794829.766,4345474.966,Person,,
-8611384.819,4221282.547,Pitt,,
-8607798.216,4228073.813,Pitt,,
-8599002.084,4236045.58,Pitt,,
-8598563.596,4234281.174,Pitt,,
-8595287.352,4234527.353,Pitt,,
-8601141.31,4233857.211,Pitt,,
-8600034.015,4219820.992,Pitt,,
-8592281.837,4235457.413,Pitt,,
-8620889.499,4263944.505,Pitt,,
-8599491.667,4234937.664,Pitt,,
-8598856.255,4237071.527,Pitt,,
-8595938.905,4239944.691,Pitt,,
-8595503.201,4241846.867,Pitt,,
-8604253.915,4227745.768,Pitt,,
-8600756.034,4221227.906,Pitt,,
-8623841.804,4237577.697,Pitt,,
-8604838.676,4223728.013,Pitt,,
-8634994.681,4262765.202,Pitt,,
-8608177.259,4226379.02,Pitt,,
-8606748.028,4221828.973,Pitt,,
-8591931.404,4236907.369,Pitt,,
-8591343.303,4238480.652,Pitt,,
-8591063.446,4235908.794,Pitt,,
-8590540.244,4237605.058,Pitt,,
-8620129.855,4273671.755,Pitt,,
-8643976.271,4247514.294,Pitt,,
-8643976.271,4247514.294,Pitt,,
-8632580.384,4245638.516,Pitt,,
-8641942.353,4257350.271,Pitt,,
-8626801.01,4230096.973,Pitt,,
-8610022.045,4267099.08,Pitt,,
-8606734.336,4218448.399,Pitt,,
-8607002.616,4213812.896,Pitt,,
-8603387.738,4265562.825,Pitt,,
-8646860.559,4251116.14,Pitt,,
-8607827.493,4219383.929,Pitt,,
-8637057.765,4252088.704,Pitt,,
-8637497.477,4251705.147,Pitt,,
-8637212.054,4249773.869,Pitt,,
-8613793.105,4265014.215,Pitt,,
-8604705.315,4218755.681,Pitt,,
-8632871.039,4257843.672,Pitt,,
-8598958.781,4226953.033,Pitt,,
-8595260.524,4236360.193,Pitt,,
-8599973.124,4224252.014,Pitt,,
-8598290.864,4224575.172,Pitt,,
-8596144.512,4219110.773,Pitt,,
-8602803.199,4228716.262,Pitt,,
-8632720.758,4237507.926,Pitt,,
-8610629.405,4218291.347,Pitt,,
-9135923.818,4202420.166,Polk,,
-8867031.588,4276527.095,Randolph,,
-8888115.499,4279081.061,Randolph,,
-8888583.041,4271654.25,Randolph,,
-8875870.355,4280234.661,Randolph,,
-8865573.302,4280838.977,Randolph,,
-8863012.954,4257706.614,Randolph,,
-8890163.778,4265672.551,Randolph,,
-8890163.778,4265672.551,Randolph,,
-8890163.778,4265672.551,Randolph,,
-8871272.86,4261613.448,Randolph,,
-8871272.86,4261613.448,Randolph,,
-8871139.277,4259721.543,Randolph,,
-8880579.17,4286677.844,Randolph,,
-8880579.17,4286677.844,Randolph,,
-8880579.17,4286677.844,Randolph,,
-8880579.17,4286677.844,Randolph,,
-8858248.48,4250212.143,Randolph,,
-8871395.312,4240779.418,Randolph,,
-8860630.717,4269705.722,Randolph,,
-8887313.999,4286870.236,Randolph,,
-8887313.999,4286870.236,Randolph,,
-8893503.363,4277295.968,Randolph,,
-8887592.298,4281635.626,Randolph,,
-8877172.793,4233788.832,Randolph,,
-8877172.793,4233788.832,Randolph,,
-8884809.31,4265919.437,Randolph,,
-8884809.31,4265919.437,Randolph,,
-8890856.519,4274423.268,Randolph,,
-8862734.655,4248568.704,Randolph,,
-8864059.357,4274769.874,Randolph,,
-8863625.211,4259310.303,Randolph,,
-8904256.825,4177862.629,Richmond,,
-8883137.626,4182066.133,Richmond,,
-8861841.984,4180236.167,Richmond,,
-8866445.602,4140244.442,Richmond,,
-8885588.547,4283284.05,Richmond,,
-8864508.309,4159989.899,Richmond,,
-8864508.309,4159989.899,Richmond,,
-8863771.819,4158563.989,Richmond,,
-8881864.019,4176093.624,Richmond,,
-8873376.131,4165159.455,Richmond,,
-8882400.802,4174339.864,Richmond,,
-8874597.64,4179799.17,Richmond,,
-8864142.847,4156112.508,Richmond,,
-8829452.911,4101272.01,Robeson,,
-8809861.014,4079729.962,Robeson,,
-8803202.884,4077241.711,Robeson,,
-8802546.322,4134075.707,Robeson,,
-8815139.117,4087563.102,Robeson,,
-8812267.074,4087722.506,Robeson,,
-8829888.949,4103815.448,Robeson,,
-8800165.643,4153924.83,Robeson,,
-8810406.48,4141271.042,Robeson,,
-8787969.702,4140182.74,Robeson,,
-8787969.702,4140182.74,Robeson,,
-8787969.702,4140182.74,Robeson,,
-8785131.723,4141597.214,Robeson,,
-8808381.022,4145460.197,Robeson,,
-8841535.973,4115494.08,Robeson,,
-8837727.066,4112969.37,Robeson,,
-8834836.766,4111672.263,Robeson,,
-8834691.161,4116803.943,Robeson,,
-8832311.039,4122246.115,Robeson,,
-8830863.217,4122841.848,Robeson,,
-8825443.517,4134098.612,Robeson,,
-8824438.302,4140775.631,Robeson,,
-8819192.037,4138792.445,Robeson,,
-8818088.081,4096518.745,Robeson,,
-8816771.728,4089394.835,Robeson,,
-8795667.111,4135290.286,Robeson,,
-8830317.529,4110439.548,Robeson,,
-8778596.267,4111898.424,Robeson,,
-8789423.98,4129497.382,Robeson,,
-8820492.026,4091849.31,Robeson,,
-8819938.545,4092321.23,Robeson,,
-8818293.466,4086987.187,Robeson,,
-8810834.726,4130104.881,Robeson,,
-8810834.726,4130104.881,Robeson,,
-8821429.892,4091491.501,Robeson,,
-8812907.383,4088439.786,Robeson,,
-8827438.362,4139366.143,Robeson,,
-8778149.765,4118230.217,Robeson,,
-8842776.963,4114909.968,Robeson,,
-8828892.862,4115023.892,Robeson,,
-8803799,4079969.375,Robeson,,
-8798520.007,4084345.938,Robeson,,
-8797780.4,4082655.335,Robeson,,
-8793771.563,4093746.562,Robeson,,
-8785065.822,4129287.394,Robeson,,
-8791867.666,4150592.744,Robeson,,
-8836407.596,4122312.998,Robeson,,
-8819648.113,4098017.561,Robeson,,
-8819641.99,4093987.354,Robeson,,
-8817482.614,4102252.88,Robeson,,
-8817217.674,4099062.325,Robeson,,
-8815402.832,4097205.784,Robeson,,
-8836310.191,4109661.901,Robeson,,
-8808560.135,4089784.707,Robeson,,
-8885669.253,4358837.037,Rockingham,,
-8873435.13,4336120.593,Rockingham,,
-8886930.503,4353506.781,Rockingham,,
-8886217.057,4338725.649,Rockingham,,
-8862823.711,4338264.872,Rockingham,,
-8984406.859,4274275.707,Rowan,,
-8975251.165,4270396.998,Rowan,,
-8988124.93,4253705.27,Rowan,,
-8983416.115,4241997.412,Rowan,,
-8976336.196,4269746.884,Rowan,,
-8976336.196,4269746.884,Rowan,,
-8976336.196,4269746.884,Rowan,,
-8976336.196,4269746.884,Rowan,,
-8990880.087,4256936.79,Rowan,,
-8984596.102,4260338.433,Rowan,,
-8984596.102,4260338.433,Rowan,,
-8975133.945,4258282.27,Rowan,,
-8983737.049,4260095.511,Rowan,,
-8947069.188,4255215.058,Rowan,,
-8736974.8,4143515.652,Sampson,,
-8736974.8,4143515.652,Sampson,,
-8733020.509,4163934.28,Sampson,,
-8730015.217,4154756.344,Sampson,,
-8717552.332,4171768.084,Sampson,,
-8727034.638,4156302.224,Sampson,,
-8749531.416,4175235.755,Sampson,,
-8746113.574,4185338.232,Sampson,,
-8716980.595,4188965.557,Sampson,,
-8709726.349,4163442.48,Sampson,,
-8706876.793,4171135.737,Sampson,,
-8705953.286,4171906.39,Sampson,,
-8703841.222,4168726.077,Sampson,,
-8715754.188,4190368.951,Sampson,,
-8742342.292,4160937.754,Sampson,,
-8732318.863,4185721.798,Sampson,,
-8700321.299,4156488.548,Sampson,,
-8724270.463,4180511.357,Sampson,,
-8702157.514,4161818.298,Sampson,,
-8743500.349,4153462.799,Sampson,,
-8724803.572,4179867.216,Sampson,,
-8723891.087,4179804.07,Sampson,,
-8712518.242,4119270.907,Sampson,,
-8712181.167,4119736.264,Sampson,,
-8717059.187,4144164.203,Sampson,,
-8705426.857,4116769.706,Sampson,,
-8705026.997,4118854.701,Sampson,,
-8704853.895,4122105.04,Sampson,,
-8699994.799,4121471.305,Sampson,,
-8713225.455,4119462.57,Sampson,,
-8707375.616,4114242.004,Sampson,,
-8744319.104,4183171.609,Sampson,,
-8717307.763,4154414.308,Sampson,,
-8713387.091,4146201.124,Sampson,,
-8709502.486,4146863.807,Sampson,,
-8717123.752,4116519.495,Sampson,,
-8714515.536,4123135.934,Sampson,,
-8714515.536,4123135.934,Sampson,,
-8713890.811,4110001.354,Sampson,,
-8713890.811,4110001.354,Sampson,,
-8712864.891,4115554.833,Sampson,,
-8710683.029,4130016.41,Sampson,,
-8710683.029,4130016.41,Sampson,,
-8710683.029,4130016.41,Sampson,,
-8735199.922,4142562.767,Sampson,,
-8734829.674,4142113.685,Sampson,,
-8734503.508,4141767.153,Sampson,,
-8733689.317,4142945.946,Sampson,,
-8706006.386,4156582.526,Sampson,,
-8733110.233,4188436.418,Sampson,,
-8746231.127,4168332.901,Sampson,,
-8727728.492,4189506.707,Sampson,,
-8727453.31,4195683.932,Sampson,,
-8734787.372,4177275.106,Sampson,,
-8734291.11,4198191.886,Sampson,,
-8733537.254,4179348.446,Sampson,,
-8729451.161,4187213.981,Sampson,,
-8701503.178,4157198.835,Sampson,,
-8746787.947,4172179.877,Sampson,,
-8714140.056,4121733.811,Sampson,,
-8715406.983,4183479.409,Sampson,,
-8714814.207,4171638.212,Sampson,,
-8711739.896,4127815.687,Sampson,,
-8739743.539,4153614.318,Sampson,,
-8733246.488,4146191.626,Sampson,,
-8732456.787,4162038.275,Sampson,,
-8728873.636,4142831.466,Sampson,,
-8725924.782,4138845.461,Sampson,,
-8721400.647,4137971.339,Sampson,,
-8721364.691,4124386.566,Sampson,,
-8719939.69,4175878.811,Sampson,,
-8716280.507,4137732.585,Sampson,,
-8714872.983,4134470.522,Sampson,,
-8710456.382,4132401.183,Sampson,,
-8708689.186,4129652.37,Sampson,,
-8708405.655,4140269.665,Sampson,,
-8704945.734,4133137.043,Sampson,,
-8702922.168,4139578.897,Sampson,,
-8709787.464,4171067.745,Sampson,,
-8709497.476,4187419.345,Sampson,,
-8706896.385,4173675.679,Sampson,,
-8705917.998,4175557.618,Sampson,,
-8704129.985,4178680.151,Sampson,,
-8702566.614,4170556.321,Sampson,,
-8722834.442,4188303.899,Sampson,,
-8751505.445,4173110.82,Sampson,,
-8708049.989,4181588.094,Sampson,,
-8736428.778,4199136.741,Sampson,,
-8731685.566,4186441.991,Sampson,,
-8731137.651,4188714.4,Sampson,,
-8715362.121,4196578.961,Sampson,,
-8703053.302,4121597.616,Sampson,,
-8735214.728,4180063.326,Sampson,,
-8729543.334,4191014.112,Sampson,,
-8728671.257,4190250.849,Sampson,,
-8722848.691,4193578.236,Sampson,,
-8722848.691,4193578.236,Sampson,,
-8722848.691,4193578.236,Sampson,,
-8711542.972,4192838.231,Sampson,,
-8732646.031,4149162.336,Sampson,,
-8720245.93,4187001.402,Sampson,,
-8718458.695,4185928.36,Sampson,,
-8712971.201,4176107.909,Sampson,,
-8710914.351,4184805.318,Sampson,,
-8706718.831,4185322.709,Sampson,,
-8748592.548,4159382.266,Sampson,,
-8735507.609,4145258.184,Sampson,,
-8714979.961,4149327.097,Sampson,,
-8714284.214,4149079.821,Sampson,,
-8714114.452,4149534.07,Sampson,,
-8710767.075,4148251.173,Sampson,,
-8730269.025,4163088.355,Sampson,,
-8719237.932,4148519.601,Sampson,,
-8730416.19,4150234.955,Sampson,,
-8730416.19,4150234.955,Sampson,,
-8730416.19,4150234.955,Sampson,,
-8727677.73,4164614.191,Sampson,,
-8726596.707,4164399.735,Sampson,,
-8722775.443,4130236.844,Sampson,,
-8720575.992,4122106.935,Sampson,,
-8720575.992,4122106.935,Sampson,,
-8720575.992,4122106.935,Sampson,,
-8707463.113,4144472.417,Sampson,,
-8707463.113,4144472.417,Sampson,,
-8707463.113,4144472.417,Sampson,,
-8703983.377,4145811.049,Sampson,,
-8717402.051,4122731.905,Sampson,,
-8712956.73,4153796.117,Sampson,,
-8710899.768,4156739.791,Sampson,,
-8710803.588,4148803.507,Sampson,,
-8709759.634,4157671.343,Sampson,,
-8707417.583,4151362.246,Sampson,,
-8705060.393,4151682.062,Sampson,,
-8743305.206,4166422.69,Sampson,,
-8720225.892,4131007.248,Sampson,,
-8719740.428,4130948.172,Sampson,,
-8744042.029,4172108.071,Sampson,,
-8733564.75,4167171.809,Sampson,,
-8726486.612,4174882.069,Sampson,,
-8703273.158,4165439.029,Sampson,,
-8740853.06,4151115.331,Sampson,,
-8711690.804,4151440.298,Sampson,,
-8729604.225,4153535.843,Sampson,,
-8718950.616,4142393.63,Sampson,,
-8711351.503,4155762.418,Sampson,,
-8711065.3,4171640.932,Sampson,,
-8707793.62,4150176.456,Sampson,,
-8755148.375,4170082.313,Sampson,,
-8716464.518,4136463.108,Sampson,,
-8716464.518,4136463.108,Sampson,,
-8711881.272,4172537.285,Sampson,,
-8710893.311,4126423.949,Sampson,,
-8706663.727,4131057.789,Sampson,,
-8705901.523,4120995.181,Sampson,,
-8704327.911,4135982.28,Sampson,,
-8735518.964,4183033.98,Sampson,,
-8754628.513,4174810.245,Sampson,,
-8707817.443,4142028.237,Sampson,,
-8707817.443,4142028.237,Sampson,,
-8707817.443,4142028.237,Sampson,,
-8712239.275,4183523.381,Sampson,,
-8712239.275,4183523.381,Sampson,,
-8712855.874,4181389.916,Sampson,,
-8712748.006,4177670.64,Sampson,,
-8711482.414,4176783.669,Sampson,,
-8721362.019,4182867.357,Sampson,,
-8739194.4,4181984.734,Sampson,,
-8738065.175,4184612.528,Sampson,,
-8737705.501,4182598.779,Sampson,,
-8711775.518,4144528.58,Sampson,,
-8733047.449,4182186.599,Sampson,,
-8737365.977,4158526.5,Sampson,,
-8705407.487,4175640.194,Sampson,,
-8733103.331,4178524.888,Sampson,,
-8732590.037,4178094.354,Sampson,,
-8728975.27,4178682.872,Sampson,,
-8701076.491,4168978.413,Sampson,,
-8717600.867,4172834.997,Sampson,,
-8717297.522,4171672.89,Sampson,,
-8716621.59,4170295.655,Sampson,,
-8712118.716,4174623.614,Sampson,,
-8712010.848,4163547.389,Sampson,,
-8713664.499,4150654.231,Sampson,,
-8712007.063,4160049.129,Sampson,,
-8717229.506,4147086.881,Sampson,,
-8716699.513,4147132.066,Sampson,,
-8733910.731,4180073.125,Sampson,,
-8733910.731,4180073.125,Sampson,,
-8727919.628,4139555.845,Sampson,,
-8712435.977,4173889.362,Sampson,,
-8712334.899,4163616.15,Sampson,,
-8708260.606,4148137.723,Sampson,,
-8710476.643,4166983.947,Sampson,,
-8745793.419,4191161.785,Sampson,,
-8731039.356,4167034.65,Sampson,,
-8726125.157,4159106.919,Sampson,,
-8719920.988,4123113.729,Sampson,,
-8719196.744,4123770.441,Sampson,,
-8704292.622,4191170.777,Sampson,,
-8703245.662,4191773.614,Sampson,,
-8736727.114,4182943.59,Sampson,,
-8736079.012,4182029.653,Sampson,,
-8724936.265,4182379.075,Sampson,,
-8723199.013,4182367.777,Sampson,,
-8725363.509,4180760.831,Sampson,,
-8743896.09,4154294.279,Sampson,,
-8732083.311,4139983.399,Sampson,,
-8732083.311,4139983.399,Sampson,,
-8701079.274,4161364.227,Sampson,,
-8744604.527,4173410.315,Sampson,,
-8741996.2,4178469.777,Sampson,,
-8734078.378,4181321.588,Sampson,,
-8742059.652,4173279.2,Sampson,,
-8725744.556,4186998.407,Sampson,,
-8702133.692,4122963.977,Sampson,,
-8739161.672,4180294.28,Sampson,,
-8731144.108,4186867.539,Sampson,,
-8702841.573,4148900.406,Sampson,,
-8721343.429,4152721.39,Sampson,,
-8717986.589,4155369.157,Sampson,,
-8717879.277,4155367.935,Sampson,,
-8715330.952,4150659.525,Sampson,,
-8714704.668,4149758.419,Sampson,,
-8714442.177,4151640.93,Sampson,,
-8713059.7,4147196.52,Sampson,,
-8706889.817,4119956.768,Sampson,,
-8705859.778,4149607.902,Sampson,,
-8703862.261,4119071.126,Sampson,,
-8702660.233,4126925.903,Sampson,,
-8724611.212,4178730.5,Sampson,,
-8716470.975,4116438.573,Sampson,,
-8714792.499,4120647.814,Sampson,,
-8741512.628,4152913.764,Sampson,,
-8729676.917,4155630.017,Sampson,,
-8722824.201,4151020.857,Sampson,,
-8719008.725,4186201.786,Sampson,,
-8718441.33,4120371.39,Sampson,,
-8718382.887,4184737.242,Sampson,,
-8717908.221,4120651.875,Sampson,,
-8717894.974,4119271.99,Sampson,,
-8717754.822,4118502.393,Sampson,,
-8717172.621,4119489.642,Sampson,,
-8716749.273,4118437.698,Sampson,,
-8733078.618,4156742.779,Sampson,,
-8732282.684,4155108.711,Sampson,,
-8731854.104,4154670.393,Sampson,,
-8729228.856,4158543.479,Sampson,,
-8724407.164,4151893.693,Sampson,,
-8723987.267,4157121.964,Sampson,,
-8723275.824,4149719.873,Sampson,,
-8722970.252,4154146.824,Sampson,,
-8722819.636,4155059.284,Sampson,,
-8717859.685,4152766.191,Sampson,,
-8742895.439,4193016.176,Sampson,,
-8734658.13,4164629.685,Sampson,,
-8734591.005,4174025.789,Sampson,,
-8732702.024,4171501.814,Sampson,,
-8722084.26,4186443.081,Sampson,,
-8709407.419,4124227.047,Sampson,,
-8729199.468,4193371.94,Sampson,,
-8724452.248,4184598.913,Sampson,,
-8717778.422,4151009.319,Sampson,,
-8734531.671,4150549.309,Sampson,,
-8727171.895,4176006.556,Sampson,,
-8705678.661,4180870.53,Sampson,,
-8728237.779,4176631.697,Sampson,,
-8728106.644,4177491.444,Sampson,,
-8725186.4,4174419.575,Sampson,,
-8723986.042,4177030.065,Sampson,,
-8723232.743,4175901.938,Sampson,,
-8722827.985,4180505.777,Sampson,,
-8721777.241,4179934.854,Sampson,,
-8721381.166,4183061.342,Sampson,,
-8720117.912,4178846.166,Sampson,,
-8743212.143,4162462.209,Sampson,,
-8720739.743,4142016.573,Sampson,,
-8720499.516,4151244.285,Sampson,,
-8719103.124,4144848.2,Sampson,,
-8716397.726,4176427.213,Sampson,,
-8714302.694,4186495.235,Sampson,,
-8713716.485,4185637.785,Sampson,,
-8713386.2,4186076.51,Sampson,,
-8713184.935,4175323.77,Sampson,,
-8713184.935,4175323.77,Sampson,,
-8711838.303,4170416.945,Sampson,,
-8711579.151,4167878.972,Sampson,,
-8704159.373,4182559.847,Sampson,,
-8719314.631,4130498.066,Sampson,,
-8707200.287,4172965.699,Sampson,,
-8704909.889,4164300.527,Sampson,,
-8703968.683,4173757.153,Sampson,,
-8703608.341,4173578.428,Sampson,,
-8727942.448,4159710.055,Sampson,,
-8701509.969,4156379.904,Sampson,,
-8751550.863,4194192.106,Sampson,,
-8747002.349,4189205.414,Sampson,,
-8743931.712,4192378.392,Sampson,,
-8742273.608,4189436.695,Sampson,,
-8741869.184,4182080.426,Sampson,,
-8738255.865,4175821.401,Sampson,,
-8737781.533,4180500.742,Sampson,,
-8727758.214,4191169.687,Sampson,,
-8726106.678,4169713.7,Sampson,,
-8723426.662,4168120.413,Sampson,,
-8731466.934,4164630.092,Sampson,,
-8714624.963,4145116.411,Sampson,,
-8752142.415,4178692.67,Sampson,,
-8698976.226,4124051.417,Sampson,,
-8716667.008,4142281.054,Sampson,,
-8741355.222,4193295.499,Sampson,,
-8713908.511,4169492.755,Sampson,,
-8711738.115,4166671.031,Sampson,,
-8711178.401,4177904.266,Sampson,,
-8710689.152,4175786.71,Sampson,,
-8709989.063,4175264.458,Sampson,,
-8709819.078,4169746.876,Sampson,,
-8707714.583,4168535.741,Sampson,,
-8738123.283,4186347.76,Sampson,,
-8723246.435,4181468.316,Sampson,,
-8722678.038,4181870.532,Sampson,,
-8716687.157,4178732.405,Sampson,,
-8716687.157,4178732.405,Sampson,,
-8715928.069,4181046.786,Sampson,,
-8714697.878,4179356.884,Sampson,,
-8713355.365,4179681.997,Sampson,,
-8713128.941,4184664.673,Sampson,,
-8730639.831,4144604.686,Sampson,,
-8721109.324,4149406.628,Sampson,,
-8721006.353,4147652.592,Sampson,,
-8720356.693,4145718.247,Sampson,,
-8720242.368,4144950.22,Sampson,,
-8719379.196,4156133.15,Sampson,,
-8719100.341,4145915.791,Sampson,,
-8718088.892,4151503.691,Sampson,,
-8717530.18,4146092.173,Sampson,,
-8716513.276,4151568.442,Sampson,,
-8716085.698,4152293.348,Sampson,,
-8712842.961,4145307.568,Sampson,,
-8743293.072,4201332.673,Sampson,,
-8733984.091,4155826.107,Sampson,,
-8741126.127,4180981.32,Sampson,,
-8750295.068,4160626.911,Sampson,,
-8748257.365,4163129.121,Sampson,,
-8746866.873,4159835.984,Sampson,,
-8746655.588,4165673.485,Sampson,,
-8744367.305,4161611.912,Sampson,,
-8743377.897,4156847.76,Sampson,,
-8741141.377,4149318.004,Sampson,,
-8735259.256,4151247.272,Sampson,,
-8707641.558,4163899.626,Sampson,,
-8701145.732,4148022.376,Sampson,,
-8735082.369,4147099.772,Sampson,,
-8731834.066,4169998.147,Sampson,,
-8730658.978,4159368.681,Sampson,,
-8724339.481,4182819.168,Sampson,,
-8745396.788,4156534.179,Sampson,,
-8738319.206,4151798.533,Sampson,,
-8735871.179,4154820.435,Sampson,,
-8735174.875,4157136.224,Sampson,,
-8731098.69,4161763.542,Sampson,,
-8727527.449,4153469.588,Sampson,,
-8726733.741,4156731.914,Sampson,,
-8742282.291,4196761.056,Sampson,,
-8716081.022,4145709.971,Sampson,,
-8713594.924,4147047.938,Sampson,,
-8711121.516,4118866.612,Sampson,,
-8710209.921,4129860.604,Sampson,,
-8708826.443,4156463.696,Sampson,,
-8708754.419,4155494.494,Sampson,,
-8708113.441,4121646.218,Sampson,,
-8707138.394,4121272.432,Sampson,,
-8734891.011,4166958.799,Sampson,,
-8732647.923,4165047.601,Sampson,,
-8732457.455,4170936.385,Sampson,,
-8731422.741,4183636.783,Sampson,,
-8731257.654,4177790.105,Sampson,,
-8730379.454,4172452.964,Sampson,,
-8730379.454,4179303.538,Sampson,,
-8728871.632,4181271.636,Sampson,,
-8727822.446,4185415.026,Sampson,,
-8727461.325,4185097.369,Sampson,,
-8726627.097,4184376.174,Sampson,,
-8713594.924,4135868.548,Sampson,,
-8713594.924,4135868.548,Sampson,,
-8713594.924,4135868.548,Sampson,,
-8703132.785,4141524.113,Sampson,,
-8738816.581,4186662.048,Sampson,,
-8703752.389,4189269.023,Sampson,,
-8702592.551,4158772.628,Sampson,,
-8754080.932,4181211.885,Sampson,,
-8750552.995,4176228.038,Sampson,,
-8749927.157,4173855.357,Sampson,,
-8746702.899,4171883.815,Sampson,,
-8745933.236,4171367.73,Sampson,,
-8745225.801,4176381.5,Sampson,,
-8741182.788,4169808.877,Sampson,,
-8740650.57,4167485.555,Sampson,,
-8737459.931,4171732.59,Sampson,,
-8733985.315,4160588.735,Sampson,,
-8745902.067,4177348.987,Sampson,,
-8712053.149,4133436.279,Sampson,,
-8710699.838,4134133.85,Sampson,,
-8730519.16,4175213.037,Sampson,,
-8705981.896,4140284.311,Sampson,,
-8704967.664,4140761.663,Sampson,,
-8737790.883,4177295.652,Sampson,,
-8734159.753,4175370.294,Sampson,,
-8733914.182,4172727.281,Sampson,,
-8731889.726,4172039.393,Sampson,,
-8730733.562,4169461.483,Sampson,,
-8729028.481,4171063.666,Sampson,,
-8728513.294,4163322.082,Sampson,,
-8727284.55,4172851.317,Sampson,,
-8726828.363,4169664.616,Sampson,,
-8725653.719,4168092.408,Sampson,,
-8723872.83,4165990.722,Sampson,,
-8718917.888,4195580.628,Sampson,,
-8718917.888,4195580.628,Sampson,,
-8714262.841,4195367.071,Sampson,,
-8712509.003,4185046.719,Sampson,,
-8711163.261,4190155.495,Sampson,,
-8710917.69,4190972.971,Sampson,,
-8710149.029,4182074.436,Sampson,,
-8709113.758,4181711.413,Sampson,,
-8709102.292,4181705.288,Sampson,,
-8706021.191,4190458.313,Sampson,,
-8722117.99,4151826.905,Sampson,,
-8720019.951,4126593.251,Sampson,,
-8711669.097,4184924.861,Sampson,,
-8707038.763,4139262.005,Sampson,,
-8706763.358,4157636.573,Sampson,,
-8704634.373,4142298.008,Sampson,,
-8704597.526,4139852.27,Sampson,,
-8701893.687,4158501.643,Sampson,,
-8701513.643,4150842.361,Sampson,,
-8699746.446,4154122.384,Sampson,,
-8729967.572,4140663.75,Sampson,,
-8726931.667,4142430.658,Sampson,,
-8725140.648,4142846.522,Sampson,,
-8724332.914,4142112.599,Sampson,,
-8723410.186,4127735.903,Sampson,,
-8722548.462,4142896.573,Sampson,,
-8705985.346,4147774.314,Sampson,,
-8703533.535,4137943.41,Sampson,,
-8726960.722,4180064.823,Sampson,,
-8720828.576,4187111.164,Sampson,,
-8718655.063,4191913.668,Sampson,,
-8726090.203,4183745.694,Sampson,,
-8723605.329,4136794.834,Sampson,,
-8702287.313,4190267.195,Sampson,,
-8715630.846,4119095.625,Sampson,,
-8728064.9,4198049.571,Sampson,,
-8745180.605,4180091.362,Sampson,,
-8733766.016,4149474.081,Sampson,,
-8731443.112,4140056.491,Sampson,,
-8731154.015,4146286.331,Sampson,,
-8730496.34,4138287.653,Sampson,,
-8730496.34,4138287.653,Sampson,,
-8729575.505,4137147.312,Sampson,,
-8716962.005,4128725.592,Sampson,,
-8712829.269,4140305.059,Sampson,,
-8711223.262,4180975.331,Sampson,,
-8701911.61,4125838.59,Sampson,,
-8840031.045,4136569.119,Scotland,,
-8865458.087,4136678.383,Scotland,,
-8856801.438,4132611.095,Scotland,,
-8848885.843,4154668.221,Scotland,,
-8846913.261,4154226.661,Scotland,,
-8846735.93,4155285.781,Scotland,,
-8842217.805,4149630.568,Scotland,,
-8842217.805,4149630.568,Scotland,,
-8842217.805,4149630.568,Scotland,,
-8833190.908,4131758.87,Scotland,,
-8851034.42,4137714.553,Scotland,,
-8848392.697,4122895.465,Scotland,,
-8846116.437,4122134.284,Scotland,,
-8845687.189,4118133.178,Scotland,,
-8843720.396,4117317.917,Scotland,,
-8837677.974,4134689.418,Scotland,,
-8837621.09,4132731.84,Scotland,,
-8836469.823,4137550.234,Scotland,,
-8947304.073,4205857.212,Stanly,,
-8947304.073,4205857.212,Stanly,,
-8928312.967,4190521.52,Stanly,,
-8921578.138,4188069.782,Stanly,,
-8934313.088,4201315.629,Stanly,,
-8913096.372,4350156.928,Stokes,,
-8928890.604,4365898.833,Stokes,,
-8992599.973,4352233.631,Surry,,
-8991342.063,4356105.537,Surry,,
-8991342.063,4356105.537,Surry,,
-8970837.013,4341026.79,Surry,,
-8985798.352,4369834.387,Surry,,
-8985798.352,4369834.387,Surry,,
-8496092.781,4276842.875,Tyrrell,,
-8960295.057,4141250.292,Union,,
-8952280.054,4144383.561,Union,,
-8955653.034,4178608.438,Union,,
-8952264.024,4181231.62,Union,,
-8758984.89,4268566.955,Wake,,
-8758216.785,4263533.106,Wake,,
-8757593.396,4262463.54,Wake,,
-8700542.157,4368491.174,Warren,,
-8706141.528,4374640.867,Warren,,
-8706141.528,4374640.867,Warren,,
-8714278.982,4375333.621,Warren,,
-8710683.363,4372521.318,Warren,,
-8710683.363,4372521.318,Warren,,
-8692259.987,4367023.525,Warren,,
-8682025.83,4349988.703,Warren,,
-8511610.718,4278174.746,Washington,,
-8519926.284,4285344.932,Washington,,
-8533562.921,4280605.487,Washington,,
-8533407.074,4280880.181,Washington,,
-8526483.002,4275346.431,Washington,,
-8668660.255,4216215.741,Wayne,,
-8681183.698,4196775.913,Wayne,,
-8668604.595,4216775.57,Wayne,,
-8681183.698,4196775.913,Wayne,,
-8667458.005,4221706.024,Wayne,,
-8665513.587,4204955.566,Wayne,,
-8678278.259,4201397.443,Wayne,,
-8664741.809,4212679.918,Wayne,,
-8664363.323,4214277.042,Wayne,,
-8662081.273,4217308.117,Wayne,,
-8701165.546,4196312.503,Wayne,,
-8700364.046,4200252.105,Wayne,,
-8698639.819,4197225.711,Wayne,,
-8687740.416,4195903.628,Wayne,,
-8685792.325,4201765.612,Wayne,,
-8679424.85,4188178.736,Wayne,,
-8672255.875,4192987.427,Wayne,,
-8700698.005,4194649.84,Wayne,,
-8713688.989,4200552.063,Wayne,,
-8705340.027,4206921.276,Wayne,,
-8705250.972,4201888.338,Wayne,,
-8701755.54,4209268.038,Wayne,,
-8698905.761,4208735.879,Wayne,,
-8698293.504,4204643.213,Wayne,,
-8698193.316,4194990.529,Wayne,,
-8715792.371,4200770.219,Wayne,,
-8715181.784,4202342.436,Wayne,,
-8713900.496,4205789.006,Wayne,,
-8713188.051,4205106.972,Wayne,,
-8707900.376,4206539.293,Wayne,,
-8706174.924,4205789.006,Wayne,,
-8690556.799,4238767.971,Wayne,,
-8696523.524,4221405.49,Wayne,,
-8694516.99,4211098.449,Wayne,,
-8665231.615,4223263.469,Wayne,,
-8698571.802,4210782.782,Wayne,,
-8697703.51,4210823.724,Wayne,,
-8695933.53,4211396.927,Wayne,,
-8694241.474,4207344.202,Wayne,,
-8692816.585,4196993.994,Wayne,,
-8691759.049,4203593.006,Wayne,,
-8691669.994,4197607.373,Wayne,,
-8688330.409,4196585.094,Wayne,,
-8663751.066,4215983.625,Wayne,,
-8698872.365,4205447.984,Wayne,,
-8694397.321,4204684.132,Wayne,,
-8693128.279,4203020.208,Wayne,,
-8693016.069,4206155.822,Wayne,,
-8693016.069,4206155.822,Wayne,,
-8690467.743,4205598.032,Wayne,,
-8696189.565,4208558.499,Wayne,,
-8666812.352,4187089.239,Wayne,,
-8700519.893,4209459.075,Wayne,,
-8671109.284,4193668.713,Wayne,,
-8666300.616,4197453.616,Wayne,,
-8703603.443,4200552.063,Wayne,,
-8702033.838,4200824.759,Wayne,,
-8677042.613,4190644.121,Wayne,,
-8677042.613,4190644.121,Wayne,,
-8675653.012,4198947.927,Wayne,,
-8675024.168,4201213.226,Wayne,,
-8675653.012,4198947.927,Wayne,,
-8674359.813,4232380.31,Wayne,,
-8674326.417,4198098.1,Wayne,,
-8673407.475,4231796.168,Wayne,,
-8672433.986,4232872.588,Wayne,,
-8670384.705,4244036.555,Wayne,,
-8670384.705,4244036.555,Wayne,,
-8669317.04,4212311.384,Wayne,,
-8669317.04,4227294.722,Wayne,,
-8677009.217,4195753.711,Wayne,,
-8674537.924,4196735.023,Wayne,,
-8673084.203,4195889.318,Wayne,,
-8673084.203,4195889.318,Wayne,,
-8699428.962,4196121.693,Wayne,,
-8699128.622,4192165.306,Wayne,,
-8663808.061,4191226.223,Wayne,,
-8698412.727,4193682.339,Wayne,,
-8700113.021,4189048.777,Wayne,,
-8698382.559,4200102.129,Wayne,,
-8698159.92,4201083.826,Wayne,,
-8698153.575,4193655.496,Wayne,,
-8697870.044,4208200.882,Wayne,,
-8704416.076,4208585.788,Wayne,,
-8708991.307,4199993.056,Wayne,,
-8708490.369,4202447.44,Wayne,,
-8688391.969,4215964.237,Wayne,,
-8686235.154,4216512.857,Wayne,,
-8697046.725,4224288.224,Wayne,,
-8694920.523,4200674.775,Wayne,,
-8715202.934,4201697.432,Wayne,,
-8663906.913,4201956.52,Wayne,,
-8696089.378,4225395.066,Wayne,,
-8693868.331,4195201.489,Wayne,,
-8693868.331,4195201.489,Wayne,,
-8701098.755,4205829.93,Wayne,,
-8711518.259,4207562.493,Wayne,,
-8663995.968,4211506.112,Wayne,,
-8686972.311,4196462.427,Wayne,,
-8678745.801,4189281.962,Wayne,,
-8672656.625,4236291.798,Wayne,,
-8670608.346,4230971.968,Wayne,,
-8670485.895,4231505.202,Wayne,,
-8695933.53,4201806.521,Wayne,,
-8678033.356,4192306.182,Wayne,,
-8665855.004,4198397.999,Wayne,,
-8690434.348,4226269.687,Wayne,,
-8679134.974,4207663.863,Wayne,,
-8678037.364,4209859.309,Wayne,,
-8676797.71,4197075.776,Wayne,,
-8673858.875,4201765.612,Wayne,,
-8671910.784,4208435.699,Wayne,,
-8697146.913,4220271.731,Wayne,,
-8693250.731,4228360.86,Wayne,,
-8692037.348,4224971.447,Wayne,,
-8691636.598,4224944.117,Wayne,,
-8686538.165,4221364.509,Wayne,,
-8676608.467,4228429.206,Wayne,,
-8675339.425,4237700.823,Wayne,,
-8669595.339,4240820.472,Wayne,,
-8668938.554,4221555.756,Wayne,,
-8667702.908,4232954.637,Wayne,,
-8666133.303,4222170.502,Wayne,,
-8663851.253,4227322.058,Wayne,,
-8663023.815,4232619.746,Wayne,,
-8672066.632,4204152.194,Wayne,,
-8674938.674,4242106.902,Wayne,,
-8674938.674,4242106.902,Wayne,,
-8665732.553,4208667.656,Wayne,,
-8663800.603,4196476.875,Wayne,,
-8703169.297,4196585.094,Wayne,,
-8710961.662,4202379.256,Wayne,,
-8702089.498,4195181.32,Wayne,,
-8706486.618,4208585.788,Wayne,,
-8697358.42,4197798.208,Wayne,,
-8693868.331,4195201.489,Wayne,,
-8693868.331,4195201.489,Wayne,,
-8682920.282,4207412.418,Wayne,,
-8681495.392,4192496.926,Wayne,,
-8677142.8,4188137.878,Wayne,,
-8693094.883,4224670.823,Wayne,,
-8705651.722,4207303.273,Wayne,,
-8682987.074,4198847.864,Wayne,,
-8681317.281,4191093.67,Wayne,,
-8681317.281,4191093.67,Wayne,,
-8672556.437,4191202.655,Wayne,,
-8707074.83,4195563.456,Wayne,,
-8674359.813,4234240.144,Wayne,,
-8674359.813,4234240.144,Wayne,,
-8711117.509,4201547.436,Wayne,,
-8698226.712,4199802.183,Wayne,,
-8683788.574,4195753.711,Wayne,,
-8683476.879,4241723.694,Wayne,,
-8668938.554,4232339.287,Wayne,,
-8666289.15,4192878.425,Wayne,,
-8664986.712,4203129.31,Wayne,,
-8664519.17,4189050.412,Wayne,,
-8663250.128,4221104.964,Wayne,,
-9021331.534,4326562.191,Wilkes,,
-9016667.247,4321432.467,Wilkes,,
-9016667.247,4321432.467,Wilkes,,
-9003397.964,4332053.143,Wilkes,,
-9003397.964,4332053.143,Wilkes,,
-9051354.401,4304295.873,Wilkes,,
-9008841.487,4344894.665,Wilkes,,
-9006695.359,4330072.353,Wilkes,,
-9006695.359,4330072.353,Wilkes,,
-8692382.439,4261901.375,Wilson,,
-8661912.958,4260127.727,Wilson,,
-8695722.023,4260598.907,Wilson,,
-8669818.312,4248507.354,Wilson,,
-8691337.149,4263067.969,Wilson,,
-8690679.25,4262806.338,Wilson,,
-8654166.457,4270282.011,Wilson,,
-8984406.859,4323583.345,Yadkin,,
-8984406.859,4323583.345,Yadkin,,
-8998837.316,4314363.642,Yadkin,,
-8998837.316,4314363.642,Yadkin,,
-8964091.052,4332743.158,Yadkin,,
-8964091.052,4332743.158,Yadkin,,
-8964091.052,4332743.158,Yadkin,,
-8989293.784,4307654.933,Yadkin,,
-8989293.784,4307654.933,Yadkin,,
-8977727.689,4309995.878,Yadkin,,
